Età,Popolazione,Prima,Due dosi,Seconda dose,Dose unica J&J,Dose guariti,Prima dose,Dose aggiuntiva/booster,Popolazione non vaccinata,Almeno una dose,Completa,Non vaccinati,aggiornamento,Regione,area,fascia,Aggiuntiva/booster,fine,,,,,,,,,,
0-4 anni,2185829,0,0,0,0,0,0,0,2185829,0.0%,0.0%,100.0%,26/01/22,Italia,ITA,0-04,0.00%,<=44587,,,,,,,,,,
5-11 anni,3672495,1079464,331495,331495,0,6996,740973,0,2593031,29.4%,9.2%,70.6%,26/01/22,Italia,ITA,05-11,0.00%,<=44587,,,,,,,,,,
12-19 anni,4556922,3897873,2464628,3415676,40037,136318,305842,951048,659049,85.5%,78.8%,14.5%,26/01/22,Italia,ITA,12-19,20.87%,<=44587,,,,,,,,,,
20-29 anni,6041667,5560095,2421721,4987816,127184,225099,219996,2566095,481572,92.0%,88.4%,8.0%,26/01/22,Italia,ITA,20-29,42.47%,<=44587,,,,,,,,,,
30-39 anni,6747378,5968581,2419770,5359020,146029,222897,240635,2939250,778797,88.5%,84.9%,11.5%,26/01/22,Italia,ITA,30-39,43.56%,<=44587,,,,,,,,,,
40-49 anni,8700035,7597635,2311115,6850679,203479,297901,245576,4539564,1102400,87.3%,84.5%,12.7%,26/01/22,Italia,ITA,40-49,52.18%,<=44587,,,,,,,,,,
50-59 anni,9466362,8703424,1482132,7702842,379055,348292,273235,6220710,762938,91.9%,89.1%,8.1%,26/01/22,Italia,ITA,50-59,65.71%,<=44587,,,,,,,,,,
60-69 anni,7441208,6994437,555337,6138619,442258,235301,178259,5583282,446771,94.0%,91.6%,6.0%,26/01/22,Italia,ITA,60-69,75.03%,<=44587,,,,,,,,,,
70-79 anni,5965244,5683143,441808,5252448,151917,159779,118999,4810640,282101,95.3%,93.3%,4.7%,26/01/22,Italia,ITA,70-79,80.64%,<=44587,,,,,,,,,,
80-89 anni,3665286,3584387,318032,3424227,10281,77076,72803,3106195,80899,97.8%,95.8%,2.2%,26/01/22,Italia,ITA,80-89,84.75%,<=44587,,,,,,,,,,
oltre 90 anni,815140,831727,145127,778435,3840,19967,29485,633308,0,100.0%,98.4%,0.0%,26/01/22,Italia,ITA,90+,77.69%,<=44587,,,,,,,,,,
TOTALE,59257566,49900766,12891165,44241257,1504080,1729626,2425803,31350092,9356800,84.2%,80.1%,15.8%,26/01/22,TOTALE,ITA,TOTALE,52.90%,<=44587,,,,,,,,,,
0-4 anni,380145,0,0,0,0,0,0,0,380145,0.0%,0.0%,100.0%,26/01/22,Lombardia,LOM,0-04,0.00%,<=44587,,,,,,,,,,
5-11 anni,642460,218889,77840,77840,0,1555,139494,0,423571,34.1%,12.4%,65.9%,26/01/22,Lombardia,LOM,05-11,0.00%,<=44587,,,,,,,,,,
12-19 anni,769069,688057,431570,622166,163,25387,40341,190596,81012,89.5%,84.2%,10.5%,26/01/22,Lombardia,LOM,12-19,24.78%,<=44587,,,,,,,,,,
20-29 anni,983209,974889,426302,900647,1835,39671,32736,474345,8320,99.2%,95.8%,0.8%,26/01/22,Lombardia,LOM,20-29,48.24%,<=44587,,,,,,,,,,
30-39 anni,1145186,1067559,414533,990653,3457,40865,32584,576120,77627,93.2%,90.4%,6.8%,26/01/22,Lombardia,LOM,30-39,50.31%,<=44587,,,,,,,,,,
40-49 anni,1504315,1341822,399859,1243058,10529,54510,33725,843199,162493,89.2%,87.0%,10.8%,26/01/22,Lombardia,LOM,40-49,56.05%,<=44587,,,,,,,,,,
50-59 anni,1609940,1511458,112343,1248339,167363,59900,35856,1135996,98482,93.9%,91.7%,6.1%,26/01/22,Lombardia,LOM,50-59,70.56%,<=44587,,,,,,,,,,
60-69 anni,1201057,1138618,46230,993542,78615,39954,26507,947312,62439,94.8%,92.6%,5.2%,26/01/22,Lombardia,LOM,60-69,78.87%,<=44587,,,,,,,,,,
70-79 anni,988111,945112,43942,865822,29896,27807,21587,821880,42999,95.6%,93.5%,4.4%,26/01/22,Lombardia,LOM,70-79,83.18%,<=44587,,,,,,,,,,
80-89 anni,615067,615342,38265,593337,2124,9916,9965,555072,0,100.0%,98.4%,0.0%,26/01/22,Lombardia,LOM,80-89,90.25%,<=44587,,,,,,,,,,
oltre 90 anni,128433,137329,21878,131007,286,2006,4030,109129,0,100.0%,103.8%,0.0%,26/01/22,Lombardia,LOM,90+,84.97%,<=44587,,,,,,,,,,
0-4 anni,163124,0,0,0,0,0,0,0,163124,0.0%,0.0%,100.0%,26/01/22,Emilia-Romagna,EMR,0-04,0.00%,<=44587,,,,,,,,,,
5-11 anni,276785,76417,22844,22844,0,589,52984,0,200368,27.6%,8.5%,72.4%,26/01/22,Emilia-Romagna,EMR,05-11,0.00%,<=44587,,,,,,,,,,
12-19 anni,327229,281096,172641,247605,1036,14069,18386,74964,46133,85.9%,80.3%,14.1%,26/01/22,Emilia-Romagna,EMR,12-19,22.91%,<=44587,,,,,,,,,,
20-29 anni,420475,408658,202643,367689,9007,20402,11560,165046,11817,97.2%,94.4%,2.8%,26/01/22,Emilia-Romagna,EMR,20-29,39.25%,<=44587,,,,,,,,,,
30-39 anni,495231,447683,208456,404218,8491,20031,14943,195762,47548,90.4%,87.4%,9.6%,26/01/22,Emilia-Romagna,EMR,30-39,39.53%,<=44587,,,,,,,,,,
40-49 anni,674865,584099,204585,530768,9656,27970,15705,326183,90766,86.6%,84.2%,13.4%,26/01/22,Emilia-Romagna,EMR,40-49,48.33%,<=44587,,,,,,,,,,
50-59 anni,712475,653221,127626,601012,6849,30559,14801,473386,59254,91.7%,89.6%,8.3%,26/01/22,Emilia-Romagna,EMR,50-59,66.44%,<=44587,,,,,,,,,,
60-69 anni,549321,513732,11147,436384,51490,16932,8926,425237,35589,93.5%,91.9%,6.5%,26/01/22,Emilia-Romagna,EMR,60-69,77.41%,<=44587,,,,,,,,,,
70-79 anni,454505,431638,18864,396976,17073,11675,5914,378112,22867,95.0%,93.7%,5.0%,26/01/22,Emilia-Romagna,EMR,70-79,83.19%,<=44587,,,,,,,,,,
80-89 anni,299028,296674,16026,283919,1136,7457,4162,267893,2354,99.2%,97.8%,0.8%,26/01/22,Emilia-Romagna,EMR,80-89,89.59%,<=44587,,,,,,,,,,
oltre 90 anni,72511,77134,11416,72397,627,2000,2110,60981,0,100.0%,103.5%,0.0%,26/01/22,Emilia-Romagna,EMR,90+,84.10%,<=44587,,,,,,,,,,
0-4 anni,176433,0,0,0,0,0,0,0,176433,0.0%,0.0%,100.0%,26/01/22,Veneto,VEN,0-04,0.00%,<=44587,,,,,,,,,,
5-11 anni,301714,92293,33472,33472,0,665,58156,0,209421,30.6%,11.3%,69.4%,26/01/22,Veneto,VEN,05-11,0.00%,<=44587,,,,,,,,,,
12-19 anni,374041,310706,199563,275758,120,11985,22843,76195,63335,83.1%,77.0%,16.9%,26/01/22,Veneto,VEN,12-19,20.37%,<=44587,,,,,,,,,,
20-29 anni,481339,444187,210154,408092,675,20511,14909,197938,37152,92.3%,89.2%,7.7%,26/01/22,Veneto,VEN,20-29,41.12%,<=44587,,,,,,,,,,
30-39 anni,524439,457394,215731,421076,922,18320,17076,205345,67045,87.2%,84.0%,12.8%,26/01/22,Veneto,VEN,30-39,39.16%,<=44587,,,,,,,,,,
40-49 anni,717331,606138,190423,558487,1960,29133,16558,368064,111193,84.5%,82.2%,15.5%,26/01/22,Veneto,VEN,40-49,51.31%,<=44587,,,,,,,,,,
50-59 anni,806474,723577,131366,659486,4161,39926,20004,528120,82897,89.7%,87.2%,10.3%,26/01/22,Veneto,VEN,50-59,65.49%,<=44587,,,,,,,,,,
60-69 anni,610635,567449,7207,479152,48984,27899,11414,471945,43186,92.9%,91.1%,7.1%,26/01/22,Veneto,VEN,60-69,77.29%,<=44587,,,,,,,,,,
70-79 anni,494721,470299,12196,424097,17845,20871,7486,411901,24422,95.1%,93.6%,4.9%,26/01/22,Veneto,VEN,70-79,83.26%,<=44587,,,,,,,,,,
80-89 anni,298205,300077,18990,282696,1223,11137,5021,263706,0,100.0%,98.9%,0.0%,26/01/22,Veneto,VEN,80-89,88.43%,<=44587,,,,,,,,,,
oltre 90 anni,67121,71118,10115,65148,302,3404,2264,55033,0,100.0%,102.6%,0.0%,26/01/22,Veneto,VEN,90+,81.99%,<=44587,,,,,,,,,,
0-4 anni,146928,0,0,0,0,0,0,0,146928,0.0%,0.0%,100.0%,26/01/22,Piemonte,PIE,0-04,0.00%,<=44587,,,,,,,,,,
5-11 anni,251415,44540,12670,12670,0,778,31092,0,206875,17.7%,5.3%,82.3%,26/01/22,Piemonte,PIE,05-11,0.00%,<=44587,,,,,,,,,,
12-19 anni,306962,259057,170870,224348,342,10575,23792,53478,47905,84.4%,76.6%,15.6%,26/01/22,Piemonte,PIE,12-19,17.42%,<=44587,,,,,,,,,,
20-29 anni,404501,385062,164624,346194,2746,17073,19049,181570,19439,95.2%,90.5%,4.8%,26/01/22,Piemonte,PIE,20-29,44.89%,<=44587,,,,,,,,,,
30-39 anni,453297,399848,150994,353830,7159,17881,20978,202836,53449,88.2%,83.6%,11.8%,26/01/22,Piemonte,PIE,30-39,44.75%,<=44587,,,,,,,,,,
40-49 anni,612180,520242,154471,468194,5041,24703,22304,313723,91938,85.0%,81.3%,15.0%,26/01/22,Piemonte,PIE,40-49,51.25%,<=44587,,,,,,,,,,
50-59 anni,692135,625807,111578,562156,8549,29549,25553,450578,66328,90.4%,86.7%,9.6%,26/01/22,Piemonte,PIE,50-59,65.10%,<=44587,,,,,,,,,,
60-69 anni,559966,514107,15217,439177,35157,22014,17759,423960,45859,91.8%,88.6%,8.2%,26/01/22,Piemonte,PIE,60-69,75.71%,<=44587,,,,,,,,,,
70-79 anni,473035,446661,15333,407419,10199,17121,11922,392086,26374,94.4%,91.9%,5.6%,26/01/22,Piemonte,PIE,70-79,82.89%,<=44587,,,,,,,,,,
80-89 anni,307031,302013,13189,285379,2387,8766,5481,272190,5018,98.4%,96.6%,1.6%,26/01/22,Piemonte,PIE,80-89,88.65%,<=44587,,,,,,,,,,
oltre 90 anni,65760,69160,8989,63003,1907,2313,1937,54014,0,100.0%,102.2%,0.0%,26/01/22,Piemonte,PIE,90+,82.14%,<=44587,,,,,,,,,,
0-4 anni,39710,0,0,0,0,0,0,0,39710,0.0%,0.0%,100.0%,26/01/22,Friuli VG,FVG,0-04,0.00%,<=44587,,,,,,,,,,
5-11 anni,68369,12741,3795,3795,0,41,8905,0,55628,18.6%,5.6%,81.4%,26/01/22,Friuli VG,FVG,05-11,0.00%,<=44587,,,,,,,,,,
12-19 anni,84835,70174,48503,60805,29,2590,6750,12302,14661,82.7%,74.8%,17.3%,26/01/22,Friuli VG,FVG,12-19,14.50%,<=44587,,,,,,,,,,
20-29 anni,109577,107694,52438,96937,384,5437,4936,44499,1883,98.3%,93.8%,1.7%,26/01/22,Friuli VG,FVG,20-29,40.61%,<=44587,,,,,,,,,,
30-39 anni,123868,110686,51730,99467,400,5430,5389,47737,13182,89.4%,85.0%,10.6%,26/01/22,Friuli VG,FVG,30-39,38.54%,<=44587,,,,,,,,,,
40-49 anni,172496,144897,49758,130566,607,8314,5410,80808,27599,84.0%,80.9%,16.0%,26/01/22,Friuli VG,FVG,40-49,46.85%,<=44587,,,,,,,,,,
50-59 anni,197534,175179,41223,157045,667,10751,6716,115822,22355,88.7%,85.3%,11.3%,26/01/22,Friuli VG,FVG,50-59,58.63%,<=44587,,,,,,,,,,
60-69 anni,156447,141969,-593,113942,16703,6661,4663,114535,14478,90.7%,87.8%,9.3%,26/01/22,Friuli VG,FVG,60-69,73.21%,<=44587,,,,,,,,,,
70-79 anni,140238,129558,8761,114847,6043,5315,3353,106086,10680,92.4%,90.0%,7.6%,26/01/22,Friuli VG,FVG,70-79,75.65%,<=44587,,,,,,,,,,
80-89 anni,85322,84249,9321,81137,67,1030,2015,71816,1073,98.7%,96.4%,1.3%,26/01/22,Friuli VG,FVG,80-89,84.17%,<=44587,,,,,,,,,,
oltre 90 anni,20357,20354,4380,19503,3,213,635,15123,3,100.0%,96.9%,0.0%,26/01/22,Friuli VG,FVG,90+,74.29%,<=44587,,,,,,,,,,
0-4 anni,4333,0,0,0,0,0,0,0,4333,0.0%,0.0%,100.0%,26/01/22,Valle d'Aosta,VDA,0-04,0.00%,<=44587,,,,,,,,,,
5-11 anni,7710,1588,623,623,0,1,964,0,6122,20.6%,8.1%,79.4%,26/01/22,Valle d'Aosta,VDA,05-11,0.00%,<=44587,,,,,,,,,,
12-19 anni,9436,7660,4990,6685,174,223,578,1695,1776,81.2%,75.1%,18.8%,26/01/22,Valle d'Aosta,VDA,12-19,17.96%,<=44587,,,,,,,,,,
20-29 anni,11940,10454,4896,9610,140,395,309,4714,1486,87.6%,85.0%,12.4%,26/01/22,Valle d'Aosta,VDA,20-29,39.48%,<=44587,,,,,,,,,,
30-39 anni,13010,10839,4544,9950,52,457,380,5406,2171,83.3%,80.4%,16.7%,26/01/22,Valle d'Aosta,VDA,30-39,41.55%,<=44587,,,,,,,,,,
40-49 anni,17884,14312,4146,13134,66,613,499,8988,3572,80.0%,77.2%,20.0%,26/01/22,Valle d'Aosta,VDA,40-49,50.26%,<=44587,,,,,,,,,,
50-59 anni,20922,18212,2354,16679,44,684,805,14325,2710,87.0%,83.2%,13.0%,26/01/22,Valle d'Aosta,VDA,50-59,68.47%,<=44587,,,,,,,,,,
60-69 anni,16123,14428,918,12838,455,416,719,11920,1695,89.5%,85.0%,10.5%,26/01/22,Valle d'Aosta,VDA,60-69,73.93%,<=44587,,,,,,,,,,
70-79 anni,12953,12059,-179,11184,80,290,505,11363,894,93.1%,89.2%,6.9%,26/01/22,Valle d'Aosta,VDA,70-79,87.72%,<=44587,,,,,,,,,,
80-89 anni,7803,7624,-569,7168,2,132,322,7737,179,97.7%,93.6%,2.3%,26/01/22,Valle d'Aosta,VDA,80-89,99.15%,<=44587,,,,,,,,,,
oltre 90 anni,1781,1818,-151,1686,0,16,116,1837,0,100.0%,95.6%,0.0%,26/01/22,Valle d'Aosta,VDA,90+,103.14%,<=44587,,,,,,,,,,
0-4 anni,46122,0,0,0,0,0,0,0,46122,0.0%,0.0%,100.0%,26/01/22,Liguria,LIG,0-04,0.00%,<=44587,,,,,,,,,,
5-11 anni,79617,16772,5559,5559,0,71,11142,0,62845,21.1%,7.1%,78.9%,26/01/22,Liguria,LIG,05-11,0.00%,<=44587,,,,,,,,,,
12-19 anni,101627,84158,58297,74259,1983,1905,6011,15962,17469,82.8%,76.9%,17.2%,26/01/22,Liguria,LIG,12-19,15.71%,<=44587,,,,,,,,,,
20-29 anni,136820,128087,59906,110651,10915,3187,3334,50745,8733,93.6%,91.2%,6.4%,26/01/22,Liguria,LIG,20-29,37.09%,<=44587,,,,,,,,,,
30-39 anni,147115,130550,60465,116114,7390,3030,4016,55649,16565,88.7%,86.0%,11.3%,26/01/22,Liguria,LIG,30-39,37.83%,<=44587,,,,,,,,,,
40-49 anni,203007,172014,74803,160328,2619,4440,4627,85525,30993,84.7%,82.5%,15.3%,26/01/22,Liguria,LIG,40-49,42.13%,<=44587,,,,,,,,,,
50-59 anni,253220,226451,66681,212973,951,5570,6957,146292,26769,89.4%,86.7%,10.6%,26/01/22,Liguria,LIG,50-59,57.77%,<=44587,,,,,,,,,,
60-69 anni,203505,186544,38883,171320,6382,3628,5214,132437,16961,91.7%,89.1%,8.3%,26/01/22,Liguria,LIG,60-69,65.08%,<=44587,,,,,,,,,,
70-79 anni,182496,168492,23795,160807,2146,2369,3170,137012,14004,92.3%,90.6%,7.7%,26/01/22,Liguria,LIG,70-79,75.08%,<=44587,,,,,,,,,,
80-89 anni,125677,122096,17199,118075,141,1372,2508,100876,3581,97.2%,95.2%,2.8%,26/01/22,Liguria,LIG,80-89,80.27%,<=44587,,,,,,,,,,
oltre 90 anni,30599,31049,8039,29508,163,320,1058,21469,0,100.0%,98.0%,0.0%,26/01/22,Liguria,LIG,90+,70.16%,<=44587,,,,,,,,,,
0-4 anni,22142,0,0,0,0,0,0,0,22142,0.0%,0.0%,100.0%,26/01/22,Trento,PAT,0-04,0.00%,<=44587,,,,,,,,,,
5-11 anni,36729,10566,3476,3476,0,55,7035,0,26163,28.8%,9.6%,71.2%,26/01/22,Trento,PAT,05-11,0.00%,<=44587,,,,,,,,,,
12-19 anni,44711,37956,25844,32940,9,1328,3679,7096,6755,84.9%,76.7%,15.1%,26/01/22,Trento,PAT,12-19,15.87%,<=44587,,,,,,,,,,
20-29 anni,58234,58098,28333,50646,33,3008,4411,22313,136,99.8%,92.2%,0.2%,26/01/22,Trento,PAT,20-29,38.32%,<=44587,,,,,,,,,,
30-39 anni,61070,55689,25353,48898,45,2994,3752,23545,5381,91.2%,85.0%,8.8%,26/01/22,Trento,PAT,30-39,38.55%,<=44587,,,,,,,,,,
40-49 anni,76322,66410,22122,57776,1102,4113,3419,35654,9912,87.0%,82.5%,13.0%,26/01/22,Trento,PAT,40-49,46.72%,<=44587,,,,,,,,,,
50-59 anni,86000,78212,11654,68122,551,6458,3081,56468,7788,90.9%,87.4%,9.1%,26/01/22,Trento,PAT,50-59,65.66%,<=44587,,,,,,,,,,
60-69 anni,67987,63845,3921,55662,1872,4500,1811,51741,4142,93.9%,91.2%,6.1%,26/01/22,Trento,PAT,60-69,76.10%,<=44587,,,,,,,,,,
70-79 anni,52872,50926,2425,46203,543,3140,1040,43778,1946,96.3%,94.4%,3.7%,26/01/22,Trento,PAT,70-79,82.80%,<=44587,,,,,,,,,,
80-89 anni,30673,31030,1527,28692,35,1693,610,27165,0,100.0%,99.2%,0.0%,26/01/22,Trento,PAT,80-89,88.56%,<=44587,,,,,,,,,,
oltre 90 anni,8005,8410,1016,7737,7,426,240,6721,0,100.0%,102.1%,0.0%,26/01/22,Trento,PAT,90+,83.96%,<=44587,,,,,,,,,,
0-4 anni,26678,0,0,0,0,0,0,0,26678,0.0%,0.0%,100.0%,26/01/22,Bolzano,PAB,0-04,0.00%,<=44587,,,,,,,,,,
5-11 anni,38838,6528,2023,2023,0,15,4490,0,32310,16.8%,5.2%,83.2%,26/01/22,Bolzano,PAB,05-11,0.00%,<=44587,,,,,,,,,,
12-19 anni,46097,36333,23015,30132,299,1096,4806,7117,9764,78.8%,68.4%,21.2%,26/01/22,Bolzano,PAB,12-19,15.44%,<=44587,,,,,,,,,,
20-29 anni,61426,53047,22525,45606,2291,2129,3021,23081,8379,86.4%,81.4%,13.6%,26/01/22,Bolzano,PAB,20-29,37.58%,<=44587,,,,,,,,,,
30-39 anni,62922,54024,19909,46002,2865,2158,2999,26093,8898,85.9%,81.1%,14.1%,26/01/22,Bolzano,PAB,30-39,41.47%,<=44587,,,,,,,,,,
40-49 anni,74006,62961,17197,55190,2017,2987,2767,37993,11045,85.1%,81.3%,14.9%,26/01/22,Bolzano,PAB,40-49,51.34%,<=44587,,,,,,,,,,
50-59 anni,84510,74853,14263,66194,1380,3885,3394,51931,9657,88.6%,84.6%,11.4%,26/01/22,Bolzano,PAB,50-59,61.45%,<=44587,,,,,,,,,,
60-69 anni,58814,54175,5165,47565,2372,2625,1613,42400,4639,92.1%,89.4%,7.9%,26/01/22,Bolzano,PAB,60-69,72.09%,<=44587,,,,,,,,,,
70-79 anni,46424,42327,3056,38208,1420,1830,869,35152,4097,91.2%,89.3%,8.8%,26/01/22,Bolzano,PAB,70-79,75.72%,<=44587,,,,,,,,,,
80-89 anni,27677,27087,2217,24889,542,939,717,22672,590,97.9%,95.3%,2.1%,26/01/22,Bolzano,PAB,80-89,81.92%,<=44587,,,,,,,,,,
oltre 90 anni,6323,6237,999,5472,104,338,323,4473,86,98.6%,93.5%,1.4%,26/01/22,Bolzano,PAB,90+,70.74%,<=44587,,,,,,,,,,
0-4 anni,51398,0,0,0,0,0,0,0,51398,0.0%,0.0%,100.0%,26/01/22,Marche,MAR,0-04,0.00%,<=44587,,,,,,,,,,
5-11 anni,90404,14944,4358,4358,0,109,10477,0,75460,16.5%,4.9%,83.5%,26/01/22,Marche,MAR,05-11,0.00%,<=44587,,,,,,,,,,
12-19 anni,110108,90890,59115,79182,28,3597,8083,20067,19218,82.5%,75.2%,17.5%,26/01/22,Marche,MAR,12-19,18.22%,<=44587,,,,,,,,,,
20-29 anni,145997,129427,57320,119053,359,6223,3792,61733,16570,88.7%,86.1%,11.3%,26/01/22,Marche,MAR,20-29,42.28%,<=44587,,,,,,,,,,
30-39 anni,163324,137458,59607,126617,493,5976,4372,67010,25866,84.2%,81.5%,15.8%,26/01/22,Marche,MAR,30-39,41.03%,<=44587,,,,,,,,,,
40-49 anni,218851,183089,61143,169370,1137,8031,4551,108227,35762,83.7%,81.6%,16.3%,26/01/22,Marche,MAR,40-49,49.45%,<=44587,,,,,,,,,,
50-59 anni,236599,210498,44118,193492,1908,9042,6056,149374,26101,89.0%,86.4%,11.0%,26/01/22,Marche,MAR,50-59,63.13%,<=44587,,,,,,,,,,
60-69 anni,194699,178462,7271,152607,17394,5754,2707,145336,16237,91.7%,90.3%,8.3%,26/01/22,Marche,MAR,60-69,74.65%,<=44587,,,,,,,,,,
70-79 anni,156000,148606,7779,136816,6646,3693,1451,129037,7394,95.3%,94.3%,4.7%,26/01/22,Marche,MAR,70-79,82.72%,<=44587,,,,,,,,,,
80-89 anni,108153,104307,8477,99609,594,2172,1932,91132,3846,96.4%,94.7%,3.6%,26/01/22,Marche,MAR,80-89,84.26%,<=44587,,,,,,,,,,
oltre 90 anni,25873,26464,4015,24702,119,764,879,20687,0,100.0%,98.9%,0.0%,26/01/22,Marche,MAR,90+,79.96%,<=44587,,,,,,,,,,
0-4 anni,123730,0,0,0,0,0,0,0,123730,0.0%,0.0%,100.0%,26/01/22,Toscana,TOS,0-04,0.00%,<=44587,,,,,,,,,,
5-11 anni,214984,65356,19226,19226,0,608,45522,0,149628,30.4%,9.2%,69.6%,26/01/22,Toscana,TOS,05-11,0.00%,<=44587,,,,,,,,,,
12-19 anni,265297,234151,170651,209904,28,10266,13953,39253,31146,88.3%,83.0%,11.7%,26/01/22,Toscana,TOS,12-19,14.80%,<=44587,,,,,,,,,,
20-29 anni,338693,329359,174543,303244,444,13831,11840,128701,9334,97.2%,93.7%,2.8%,26/01/22,Toscana,TOS,20-29,38.00%,<=44587,,,,,,,,,,
30-39 anni,395198,367007,179829,340363,552,12972,13120,160534,28191,92.9%,89.5%,7.1%,26/01/22,Toscana,TOS,30-39,40.62%,<=44587,,,,,,,,,,
40-49 anni,540242,486824,212383,454167,758,17626,14273,241784,53418,90.1%,87.5%,9.9%,26/01/22,Toscana,TOS,40-49,44.75%,<=44587,,,,,,,,,,
50-59 anni,590377,554427,145538,519066,1194,19198,14969,373528,35950,93.9%,91.4%,6.1%,26/01/22,Toscana,TOS,50-59,63.27%,<=44587,,,,,,,,,,
60-69 anni,467270,440780,13167,365988,56783,10349,7660,352821,26490,94.3%,92.7%,5.7%,26/01/22,Toscana,TOS,60-69,75.51%,<=44587,,,,,,,,,,
70-79 anni,406475,388419,16200,354478,19415,8774,5752,338278,18056,95.6%,94.1%,4.4%,26/01/22,Toscana,TOS,70-79,83.22%,<=44587,,,,,,,,,,
80-89 anni,263150,264295,14433,252790,882,6533,4090,238357,0,100.0%,98.9%,0.0%,26/01/22,Toscana,TOS,80-89,90.58%,<=44587,,,,,,,,,,
oltre 90 anni,62917,67283,9730,63253,46,1782,2202,53523,0,100.0%,103.4%,0.0%,26/01/22,Toscana,TOS,90+,85.07%,<=44587,,,,,,,,,,
0-4 anni,209710,0,0,0,0,0,0,0,209710,0.0%,0.0%,100.0%,26/01/22,Lazio,LAZ,0-04,0.00%,<=44587,,,,,,,,,,
5-11 anni,363523,112963,41689,41689,0,752,70522,0,250560,31.1%,11.7%,68.9%,26/01/22,Lazio,LAZ,05-11,0.00%,<=44587,,,,,,,,,,
12-19 anni,431221,371703,230992,331289,2764,11753,25897,100297,59518,86.2%,80.2%,13.8%,26/01/22,Lazio,LAZ,12-19,23.26%,<=44587,,,,,,,,,,
20-29 anni,558855,531315,179598,450084,44380,19537,17314,270486,27540,95.1%,92.0%,4.9%,26/01/22,Lazio,LAZ,20-29,48.40%,<=44587,,,,,,,,,,
30-39 anni,665641,609037,190224,517637,56383,19812,15205,327413,56604,91.5%,89.2%,8.5%,26/01/22,Lazio,LAZ,30-39,49.19%,<=44587,,,,,,,,,,
40-49 anni,879906,791516,150398,661230,81647,26851,21788,510832,88390,90.0%,87.5%,10.0%,26/01/22,Lazio,LAZ,40-49,58.06%,<=44587,,,,,,,,,,
50-59 anni,940470,886414,74031,741377,90706,30199,24132,667346,54056,94.3%,91.7%,5.7%,26/01/22,Lazio,LAZ,50-59,70.96%,<=44587,,,,,,,,,,
60-69 anni,707706,682308,51738,623428,22665,20886,15329,571690,25398,96.4%,94.2%,3.6%,26/01/22,Lazio,LAZ,60-69,80.78%,<=44587,,,,,,,,,,
70-79 anni,551477,534107,35688,506012,5881,12708,9506,470324,17370,96.9%,95.1%,3.1%,26/01/22,Lazio,LAZ,70-79,85.28%,<=44587,,,,,,,,,,
80-89 anni,338530,338337,30940,324181,301,6538,7317,293241,193,99.9%,97.8%,0.1%,26/01/22,Lazio,LAZ,80-89,86.62%,<=44587,,,,,,,,,,
oltre 90 anni,73757,75954,12504,71077,118,1783,2976,58573,0,100.0%,98.9%,0.0%,26/01/22,Lazio,LAZ,90+,79.41%,<=44587,,,,,,,,,,
0-4 anni,28873,0,0,0,0,0,0,0,28873,0.0%,0.0%,100.0%,26/01/22,Umbria,UMB,0-04,0.00%,<=44587,,,,,,,,,,
5-11 anni,50907,14421,4538,4538,0,99,9784,0,36486,28.3%,9.1%,71.7%,26/01/22,Umbria,UMB,05-11,0.00%,<=44587,,,,,,,,,,
12-19 anni,62999,53983,36199,47328,16,1975,4664,11129,9016,85.7%,78.3%,14.3%,26/01/22,Umbria,UMB,12-19,17.67%,<=44587,,,,,,,,,,
20-29 anni,81178,71497,35974,65761,336,2918,2482,29787,9681,88.1%,85.0%,11.9%,26/01/22,Umbria,UMB,20-29,36.69%,<=44587,,,,,,,,,,
30-39 anni,95565,81378,32646,75325,212,3046,2795,42679,14187,85.2%,82.2%,14.8%,26/01/22,Umbria,UMB,30-39,44.66%,<=44587,,,,,,,,,,
40-49 anni,124859,108756,31904,100964,117,4361,3314,69060,16103,87.1%,84.4%,12.9%,26/01/22,Umbria,UMB,40-49,55.31%,<=44587,,,,,,,,,,
50-59 anni,135406,124133,23107,115990,93,4460,3590,92883,11273,91.7%,89.0%,8.3%,26/01/22,Umbria,UMB,50-59,68.60%,<=44587,,,,,,,,,,
60-69 anni,111650,105661,-6329,83447,17736,2465,2013,89776,5989,94.6%,92.8%,5.4%,26/01/22,Umbria,UMB,60-69,80.41%,<=44587,,,,,,,,,,
70-79 anni,94797,92265,5162,86265,2481,1973,1546,81103,2532,97.3%,95.7%,2.7%,26/01/22,Umbria,UMB,70-79,85.55%,<=44587,,,,,,,,,,
80-89 anni,63188,64543,3438,62027,41,1648,827,58589,0,100.0%,100.8%,0.0%,26/01/22,Umbria,UMB,80-89,92.72%,<=44587,,,,,,,,,,
oltre 90 anni,15591,17156,2525,16155,9,447,545,13630,0,100.0%,106.5%,0.0%,26/01/22,Umbria,UMB,90+,87.42%,<=44587,,,,,,,,,,
0-4 anni,44908,0,0,0,0,0,0,0,44908,0.0%,0.0%,100.0%,26/01/22,Abruzzo,ABR,0-04,0.00%,<=44587,,,,,,,,,,
5-11 anni,75702,20451,4892,4892,0,57,15502,0,55251,27.0%,6.5%,73.0%,26/01/22,Abruzzo,ABR,05-11,0.00%,<=44587,,,,,,,,,,
12-19 anni,92568,81313,53296,72092,91,2389,6741,18796,11255,87.8%,80.6%,12.2%,26/01/22,Abruzzo,ABR,12-19,20.31%,<=44587,,,,,,,,,,
20-29 anni,128330,116094,50903,106920,1355,4199,3620,56017,12236,90.5%,87.6%,9.5%,26/01/22,Abruzzo,ABR,20-29,43.65%,<=44587,,,,,,,,,,
30-39 anni,148176,125087,51879,115147,2269,4248,3423,63268,23089,84.4%,82.1%,15.6%,26/01/22,Abruzzo,ABR,30-39,42.70%,<=44587,,,,,,,,,,
40-49 anni,185634,158480,48105,145142,4873,5483,2982,97037,27154,85.4%,83.8%,14.6%,26/01/22,Abruzzo,ABR,40-49,52.27%,<=44587,,,,,,,,,,
50-59 anni,204504,184275,35899,166554,7363,6255,4103,130655,20229,90.1%,88.1%,9.9%,26/01/22,Abruzzo,ABR,50-59,63.89%,<=44587,,,,,,,,,,
60-69 anni,168878,157166,19883,144525,5726,4672,2243,124642,11712,93.1%,91.7%,6.9%,26/01/22,Abruzzo,ABR,60-69,73.81%,<=44587,,,,,,,,,,
70-79 anni,131536,126650,13769,119585,2487,2964,1614,105816,4886,96.3%,95.1%,3.7%,26/01/22,Abruzzo,ABR,70-79,80.45%,<=44587,,,,,,,,,,
80-89 anni,84626,80483,7932,77322,197,1617,1347,69390,4143,95.1%,93.5%,4.9%,26/01/22,Abruzzo,ABR,80-89,82.00%,<=44587,,,,,,,,,,
oltre 90 anni,20394,19796,3668,18751,54,520,471,15083,598,97.1%,94.8%,2.9%,26/01/22,Abruzzo,ABR,90+,73.96%,<=44587,,,,,,,,,,
0-4 anni,9521,0,0,0,0,0,0,0,9521,0.0%,0.0%,100.0%,26/01/22,Molise,MOL,0-04,0.00%,<=44587,,,,,,,,,,
5-11 anni,15716,6021,1599,1599,0,10,4412,0,9695,38.3%,10.2%,61.7%,26/01/22,Molise,MOL,05-11,0.00%,<=44587,,,,,,,,,,
12-19 anni,20520,18583,12468,16572,19,435,1557,4104,1937,90.6%,83.0%,9.4%,26/01/22,Molise,MOL,12-19,20.00%,<=44587,,,,,,,,,,
20-29 anni,31281,26833,12608,23331,1104,781,1617,10723,4448,85.8%,80.6%,14.2%,26/01/22,Molise,MOL,20-29,34.28%,<=44587,,,,,,,,,,
30-39 anni,33973,28638,10943,24639,1105,939,1955,13696,5335,84.3%,78.5%,15.7%,26/01/22,Molise,MOL,30-39,40.31%,<=44587,,,,,,,,,,
40-49 anni,41036,36718,10754,33635,620,1214,1249,22881,4318,89.5%,86.4%,10.5%,26/01/22,Molise,MOL,40-49,55.76%,<=44587,,,,,,,,,,
50-59 anni,46916,44795,7331,40201,1146,1829,1619,32870,2121,95.5%,92.0%,4.5%,26/01/22,Molise,MOL,50-59,70.06%,<=44587,,,,,,,,,,
60-69 anni,40784,39404,4341,36183,1486,1348,387,31842,1380,96.6%,95.7%,3.4%,26/01/22,Molise,MOL,60-69,78.07%,<=44587,,,,,,,,,,
70-79 anni,30617,29928,3766,28583,544,789,12,24817,689,97.7%,97.7%,2.3%,26/01/22,Molise,MOL,70-79,81.06%,<=44587,,,,,,,,,,
80-89 anni,20753,20192,1910,19166,28,554,444,17256,561,97.3%,95.2%,2.7%,26/01/22,Molise,MOL,80-89,83.15%,<=44587,,,,,,,,,,
oltre 90 anni,5430,5573,1034,5056,3,261,253,4022,0,100.0%,98.0%,0.0%,26/01/22,Molise,MOL,90+,74.07%,<=44587,,,,,,,,,,
0-4 anni,236166,0,0,0,0,0,0,0,236166,0.0%,0.0%,100.0%,26/01/22,Campania,CAM,0-04,0.00%,<=44587,,,,,,,,,,
5-11 anni,378105,101235,23546,23546,0,344,77345,0,276870,26.8%,6.3%,73.2%,26/01/22,Campania,CAM,05-11,0.00%,<=44587,,,,,,,,,,
12-19 anni,500450,410493,220241,338543,20768,12750,38432,118302,89957,82.0%,74.3%,18.0%,26/01/22,Campania,CAM,12-19,23.64%,<=44587,,,,,,,,,,
20-29 anni,685126,596271,215611,517846,23826,24708,29891,302235,88855,87.0%,82.7%,13.0%,26/01/22,Campania,CAM,20-29,44.11%,<=44587,,,,,,,,,,
30-39 anni,706752,611526,212941,529357,24431,24404,33334,316416,95226,86.5%,81.8%,13.5%,26/01/22,Campania,CAM,30-39,44.77%,<=44587,,,,,,,,,,
40-49 anni,819391,721468,194307,645052,18096,28189,30131,450745,97923,88.0%,84.4%,12.0%,26/01/22,Campania,CAM,40-49,55.01%,<=44587,,,,,,,,,,
50-59 anni,871123,804557,146764,726676,12384,34226,31271,579912,66566,92.4%,88.8%,7.6%,26/01/22,Campania,CAM,50-59,66.57%,<=44587,,,,,,,,,,
60-69 anni,681008,646642,97338,586332,13878,24580,21852,488994,34366,95.0%,91.7%,5.0%,26/01/22,Campania,CAM,60-69,71.80%,<=44587,,,,,,,,,,
70-79 anni,491191,467358,62247,437075,2538,14546,13199,374828,23833,95.1%,92.5%,4.9%,26/01/22,Campania,CAM,70-79,76.31%,<=44587,,,,,,,,,,
80-89 anni,258456,240319,34459,228657,96,4816,6750,194198,18137,93.0%,90.4%,7.0%,26/01/22,Campania,CAM,80-89,75.14%,<=44587,,,,,,,,,,
oltre 90 anni,51991,46167,11408,43345,6,704,2112,31937,5824,88.8%,84.7%,11.2%,26/01/22,Campania,CAM,90+,61.43%,<=44587,,,,,,,,,,
0-4 anni,142008,0,0,0,0,0,0,0,142008,0.0%,0.0%,100.0%,26/01/22,Puglia,PUG,0-04,0.00%,<=44587,,,,,,,,,,
5-11 anni,239367,113256,36780,36780,0,571,75905,0,126111,47.3%,15.6%,52.7%,26/01/22,Puglia,PUG,05-11,0.00%,<=44587,,,,,,,,,,
12-19 anni,315971,282505,177563,253437,964,9752,18352,75874,33466,89.4%,83.6%,10.6%,26/01/22,Puglia,PUG,12-19,24.01%,<=44587,,,,,,,,,,
20-29 anni,435687,383606,160698,348453,4990,16813,13350,187755,52081,88.0%,85.0%,12.0%,26/01/22,Puglia,PUG,20-29,43.09%,<=44587,,,,,,,,,,
30-39 anni,453251,403616,144613,364515,6724,17221,15156,219902,49635,89.0%,85.7%,11.0%,26/01/22,Puglia,PUG,30-39,48.52%,<=44587,,,,,,,,,,
40-49 anni,570896,520189,118080,461782,21836,22031,14540,343702,50707,91.1%,88.6%,8.9%,26/01/22,Puglia,PUG,40-49,60.20%,<=44587,,,,,,,,,,
50-59 anni,607181,579643,66066,504588,32965,25863,16227,438522,27538,95.5%,92.8%,4.5%,26/01/22,Puglia,PUG,50-59,72.22%,<=44587,,,,,,,,,,
60-69 anni,494337,484448,28736,428344,26519,19767,9818,399608,9889,98.0%,96.0%,2.0%,26/01/22,Puglia,PUG,60-69,80.84%,<=44587,,,,,,,,,,
70-79 anni,395276,391816,19758,359401,13609,12181,6625,339643,3460,99.1%,97.4%,0.9%,26/01/22,Puglia,PUG,70-79,85.93%,<=44587,,,,,,,,,,
80-89 anni,224826,223647,18911,213661,138,5126,4722,194750,1179,99.5%,97.4%,0.5%,26/01/22,Puglia,PUG,80-89,86.62%,<=44587,,,,,,,,,,
oltre 90 anni,48131,49944,7848,46900,5,1127,1912,39052,0,100.0%,99.8%,0.0%,26/01/22,Puglia,PUG,90+,81.14%,<=44587,,,,,,,,,,
0-4 anni,18562,0,0,0,0,0,0,0,18562,0.0%,0.0%,100.0%,26/01/22,Basilicata,BAS,0-04,0.00%,<=44587,,,,,,,,,,
5-11 anni,30060,9652,2101,2101,0,40,7511,0,20408,32.1%,7.1%,67.9%,26/01/22,Basilicata,BAS,05-11,0.00%,<=44587,,,,,,,,,,
12-19 anni,41004,36573,22553,30903,1592,1006,3072,8350,4431,89.2%,81.7%,10.8%,26/01/22,Basilicata,BAS,12-19,20.36%,<=44587,,,,,,,,,,
20-29 anni,59650,49541,22071,44767,916,1701,2157,22696,10109,83.1%,79.4%,16.9%,26/01/22,Basilicata,BAS,20-29,38.05%,<=44587,,,,,,,,,,
30-39 anni,64519,52637,22837,48133,627,1546,2331,25296,11882,81.6%,78.0%,18.4%,26/01/22,Basilicata,BAS,30-39,39.21%,<=44587,,,,,,,,,,
40-49 anni,76260,66264,18046,59452,2857,1931,2024,41406,9996,86.9%,84.2%,13.1%,26/01/22,Basilicata,BAS,40-49,54.30%,<=44587,,,,,,,,,,
50-59 anni,87305,80749,15842,72538,3026,2442,2743,56696,6556,92.5%,89.3%,7.5%,26/01/22,Basilicata,BAS,50-59,64.94%,<=44587,,,,,,,,,,
60-69 anni,73674,71005,10954,65408,2099,1607,1891,54454,2669,96.4%,93.8%,3.6%,26/01/22,Basilicata,BAS,60-69,73.91%,<=44587,,,,,,,,,,
70-79 anni,52557,51504,6658,49219,135,968,1182,42561,1053,98.0%,95.7%,2.0%,26/01/22,Basilicata,BAS,70-79,80.98%,<=44587,,,,,,,,,,
80-89 anni,35786,34038,3778,32802,5,485,746,29024,1748,95.1%,93.0%,4.9%,26/01/22,Basilicata,BAS,80-89,81.10%,<=44587,,,,,,,,,,
oltre 90 anni,8202,8318,1695,7879,1,140,298,6184,0,100.0%,97.8%,0.0%,26/01/22,Basilicata,BAS,90+,75.40%,<=44587,,,,,,,,,,
0-4 anni,73547,0,0,0,0,0,0,0,73547,0.0%,0.0%,100.0%,26/01/22,Calabria,CAL,0-04,0.00%,<=44587,,,,,,,,,,
5-11 anni,115564,42789,6369,6369,0,90,36330,0,72775,37.0%,5.6%,63.0%,26/01/22,Calabria,CAL,05-11,0.00%,<=44587,,,,,,,,,,
12-19 anni,146828,124336,75277,106624,584,2414,14714,31347,22492,84.7%,74.7%,15.3%,26/01/22,Calabria,CAL,12-19,21.35%,<=44587,,,,,,,,,,
20-29 anni,208920,173831,71118,155867,5475,4085,8404,84749,35089,83.2%,79.2%,16.8%,26/01/22,Calabria,CAL,20-29,40.57%,<=44587,,,,,,,,,,
30-39 anni,232935,189005,73421,167311,7091,3949,10654,93890,43930,81.1%,76.6%,18.9%,26/01/22,Calabria,CAL,30-39,40.31%,<=44587,,,,,,,,,,
40-49 anni,261369,222583,62174,193877,14854,4355,9497,131703,38786,85.2%,81.5%,14.8%,26/01/22,Calabria,CAL,40-49,50.39%,<=44587,,,,,,,,,,
50-59 anni,284757,253831,52374,222870,15231,4488,11242,170496,30926,89.1%,85.2%,10.9%,26/01/22,Calabria,CAL,50-59,59.87%,<=44587,,,,,,,,,,
60-69 anni,243667,226264,37648,209662,6789,2972,6841,172014,17403,92.9%,90.1%,7.1%,26/01/22,Calabria,CAL,60-69,70.59%,<=44587,,,,,,,,,,
70-79 anni,177666,167194,25645,159501,2187,1489,4017,133856,10472,94.1%,91.8%,5.9%,26/01/22,Calabria,CAL,70-79,75.34%,<=44587,,,,,,,,,,
80-89 anni,108240,96584,16125,93232,76,569,2707,77107,11656,89.2%,86.7%,10.8%,26/01/22,Calabria,CAL,80-89,71.24%,<=44587,,,,,,,,,,
oltre 90 anni,24235,20973,5125,19812,17,118,1026,14687,3262,86.5%,82.3%,13.5%,26/01/22,Calabria,CAL,90+,60.60%,<=44587,,,,,,,,,,
0-4 anni,195131,0,0,0,0,0,0,0,195131,0.0%,0.0%,100.0%,26/01/22,Sicilia,SIC,0-04,0.00%,<=44587,,,,,,,,,,
5-11 anni,309136,73973,17025,17025,0,340,56608,0,235163,23.9%,5.6%,76.1%,26/01/22,Sicilia,SIC,05-11,0.00%,<=44587,,,,,,,,,,
12-19 anni,398061,323818,200816,269202,9025,8521,37070,68386,74243,81.3%,72.0%,18.7%,26/01/22,Sicilia,SIC,12-19,17.18%,<=44587,,,,,,,,,,
20-29 anni,551159,457729,202465,400196,15875,14526,27132,197731,93430,83.0%,78.1%,17.0%,26/01/22,Sicilia,SIC,20-29,35.88%,<=44587,,,,,,,,,,
30-39 anni,581042,483480,214620,423971,15064,13503,30942,209351,97562,83.2%,77.9%,16.8%,26/01/22,Sicilia,SIC,30-39,36.03%,<=44587,,,,,,,,,,
40-49 anni,684564,586121,212173,517587,22564,15801,30169,305414,98443,85.6%,81.2%,14.4%,26/01/22,Sicilia,SIC,40-49,44.61%,<=44587,,,,,,,,,,
50-59 anni,732410,662669,186848,590176,21691,17494,33308,403328,69741,90.5%,85.9%,9.5%,26/01/22,Sicilia,SIC,50-59,55.07%,<=44587,,,,,,,,,,
60-69 anni,608346,565011,129230,513140,15259,12160,24452,383910,43335,92.9%,88.9%,7.1%,26/01/22,Sicilia,SIC,60-69,63.11%,<=44587,,,,,,,,,,
70-79 anni,460198,430648,92989,402349,4896,6834,16569,309360,29550,93.6%,90.0%,6.4%,26/01/22,Sicilia,SIC,70-79,67.22%,<=44587,,,,,,,,,,
80-89 anni,265138,242124,50500,229784,110,3285,8945,179284,23014,91.3%,87.9%,8.7%,26/01/22,Sicilia,SIC,80-89,67.62%,<=44587,,,,,,,,,,
oltre 90 anni,55691,50941,14484,47130,16,873,2922,32646,4750,91.5%,86.2%,8.5%,26/01/22,Sicilia,SIC,90+,58.62%,<=44587,,,,,,,,,,
0-4 anni,46660,0,0,0,0,0,0,0,46660,0.0%,0.0%,100.0%,26/01/22,Sardegna,SAR,0-04,0.00%,<=44587,,,,,,,,,,
5-11 anni,85390,24069,7070,7070,0,206,16793,0,61321,28.2%,8.5%,71.8%,26/01/22,Sardegna,SAR,05-11,0.00%,<=44587,,,,,,,,,,
12-19 anni,107888,94328,70164,85902,3,2302,6121,15738,13560,87.4%,81.8%,12.6%,26/01/22,Sardegna,SAR,12-19,14.59%,<=44587,,,,,,,,,,
20-29 anni,149270,124416,66991,116222,98,3964,4132,49231,24854,83.3%,80.6%,16.7%,26/01/22,Sardegna,SAR,20-29,32.98%,<=44587,,,,,,,,,,
30-39 anni,180864,145440,74495,135797,297,4115,5231,61302,35424,80.4%,77.5%,19.6%,26/01/22,Sardegna,SAR,30-39,33.89%,<=44587,,,,,,,,,,
40-49 anni,244621,202732,74284,190920,523,5245,6044,116636,41889,82.9%,80.4%,17.1%,26/01/22,Sardegna,SAR,40-49,47.68%,<=44587,,,,,,,,,,
50-59 anni,266104,230463,65126,217308,833,5514,6808,152182,35641,86.6%,84.0%,13.4%,26/01/22,Sardegna,SAR,50-59,57.19%,<=44587,,,,,,,,,,
60-69 anni,225334,202419,33265,179973,13894,4112,4440,146708,22915,89.8%,87.9%,10.2%,26/01/22,Sardegna,SAR,60-69,65.11%,<=44587,,,,,,,,,,
70-79 anni,172099,157576,23954,147601,5853,2442,1680,123647,14523,91.6%,90.6%,8.4%,26/01/22,Sardegna,SAR,70-79,71.85%,<=44587,,,,,,,,,,
80-89 anni,97957,89326,10964,85704,156,1291,2175,74740,8631,91.2%,89.0%,8.8%,26/01/22,Sardegna,SAR,80-89,76.30%,<=44587,,,,,,,,,,
oltre 90 anni,22038,20549,4410,18914,47,412,1176,14504,1489,93.2%,87.9%,6.8%,26/01/22,Sardegna,SAR,90+,65.81%,<=44587,,,,,,,,,,
