Data,Data ottobre,aggiornamento,Filter,luglio-agosto 2021,ottobre-novembre 2020,proiezione,popup,delta
27/06/21,22/09/20,28/08/21,Incidenza,9.4,18.4,,9.4,
28/06/21,23/09/20,28/08/21,Incidenza,9.2,18.7,,9.2,
29/06/21,24/09/20,28/08/21,Incidenza,9,19.1,,9,
30/06/21,25/09/20,28/08/21,Incidenza,8.7,19.1,,8.7,
01/07/21,26/09/20,28/08/21,Incidenza,8.6,19.5,,8.6,
02/07/21,27/09/20,28/08/21,Incidenza,8.7,19.8,,8.7,
03/07/21,28/09/20,28/08/21,Incidenza,8.8,20,,8.8,
04/07/21,29/09/20,28/08/21,Incidenza,8.9,20.4,,8.9,
05/07/21,30/09/20,28/08/21,Incidenza,9,20.8,,9,
06/07/21,01/10/20,28/08/21,Incidenza,9.4,22,,9.4,
07/07/21,02/10/20,28/08/21,Incidenza,9.8,23,,9.8,
08/07/21,03/10/20,28/08/21,Incidenza,10.7,25,,10.7,
09/07/21,04/10/20,28/08/21,Incidenza,11.7,26,,11.7,
10/07/21,05/10/20,28/08/21,Incidenza,12.4,27,,12.4,
11/07/21,06/10/20,28/08/21,Incidenza,13.4,29,,13.4,
12/07/21,07/10/20,28/08/21,Incidenza,14.1,32,,14.1,
13/07/21,08/10/20,28/08/21,Incidenza,15.2,35,,15.2,
14/07/21,09/10/20,28/08/21,Incidenza,17.1,40,,17.1,
15/07/21,10/10/20,28/08/21,Incidenza,18.9,45,,18.9,
16/07/21,11/10/20,28/08/21,Incidenza,21.4,50,,21.4,
17/07/21,12/10/20,28/08/21,Incidenza,24.3,54,,24.3,
18/07/21,13/10/20,28/08/21,Incidenza,27.3,59,,27.3,
19/07/21,14/10/20,28/08/21,Incidenza,29.3,66,,29.3,
20/07/21,15/10/20,28/08/21,Incidenza,32.7,73,,32.7,
21/07/21,16/10/20,28/08/21,Incidenza,36.2,81,,36.2,
22/07/21,17/10/20,28/08/21,Incidenza,40.6,90,,40.6,
23/07/21,18/10/20,28/08/21,Incidenza,44.4,100,,44.4,
24/07/21,19/10/20,28/08/21,Incidenza,47.8,108,,47.8,
25/07/21,20/10/20,28/08/21,Incidenza,50.6,116,,50.6,
26/07/21,21/10/20,28/08/21,Incidenza,52.3,130,,52.3,
27/07/21,22/10/20,28/08/21,Incidenza,53.9,142,,53.9,
28/07/21,23/10/20,28/08/21,Incidenza,56.4,157,,56.4,
29/07/21,24/10/20,28/08/21,Incidenza,58.2,172,,58.2,
30/07/21,25/10/20,28/08/21,Incidenza,60.7,188,,60.7,
31/07/21,26/10/20,28/08/21,Incidenza,63,201,,63,
01/08/21,27/10/20,28/08/21,Incidenza,64,220,,64,
02/08/21,28/10/20,28/08/21,Incidenza,64.1,236,,64.1,
03/08/21,29/10/20,28/08/21,Incidenza,64.7,255,,64.7,
04/08/21,30/10/20,28/08/21,Incidenza,66.2,275,,66.2,
05/08/21,31/10/20,28/08/21,Incidenza,68,295,,68,
06/08/21,01/11/20,28/08/21,Incidenza,68,310,,68,
07/08/21,02/11/20,28/08/21,Incidenza,68.6,319,,68.6,
08/08/21,03/11/20,28/08/21,Incidenza,69.3,329,,69.3,
09/08/21,04/11/20,28/08/21,Incidenza,71,339,,71,
10/08/21,05/11/20,28/08/21,Incidenza,72.3,351,,72.3,
11/08/21,06/11/20,28/08/21,Incidenza,72.9,363,,72.9,
12/08/21,07/11/20,28/08/21,Incidenza,73,376,,73,
13/08/21,08/11/20,28/08/21,Incidenza,74.3,381,,74.3,
14/08/21,09/11/20,28/08/21,Incidenza,74.8,386,,74.8,
15/08/21,10/11/20,28/08/21,Incidenza,74.7,398,,74.7,
16/08/21,11/11/20,28/08/21,Incidenza,73.8,402,,73.8,
17/08/21,12/11/20,28/08/21,Incidenza,73.3,408,,73.3,
18/08/21,13/11/20,28/08/21,Incidenza,73.6,413,,73.6,
19/08/21,14/11/20,28/08/21,Incidenza,73.5,408,,73.5,
20/08/21,15/11/20,28/08/21,Incidenza,73.2,411,,73.2,
21/08/21,16/11/20,28/08/21,Incidenza,73.7,414,,73.7,
22/08/21,17/11/20,28/08/21,Incidenza,74.2,410,,74.2,
23/08/21,18/11/20,28/08/21,Incidenza,75,412,,75,
24/08/21,19/11/20,28/08/21,Incidenza,76.4,410,,76.4,
25/08/21,20/11/20,28/08/21,Incidenza,77,404,77,77,
26/08/21,21/11/20,28/08/21,Incidenza,77,400,,77,
27/08/21,22/11/20,28/08/21,Incidenza,78,391,,78,
28/08/21,23/11/20,28/08/21,Incidenza,77,383,,77,
29/08/21,24/11/20,28/08/21,Incidenza,,368,75.5,75.5,
30/08/21,25/11/20,28/08/21,Incidenza,,354,73.4,73.4,
31/08/21,26/11/20,28/08/21,Incidenza,,342,72.8,72.8,
01/09/21,27/11/20,28/08/21,Incidenza,,326,71.4,71.4,
02/09/21,28/11/20,28/08/21,Incidenza,,312,69.2,69.2,
03/09/21,29/11/20,28/08/21,Incidenza,,299,69,69,
04/09/21,30/11/20,28/08/21,Incidenza,,288,67,67,
05/09/21,01/12/20,28/08/21,Incidenza,,281,66.7,66.7,
06/09/21,02/12/20,28/08/21,Incidenza,,273,65.3,65.3,
07/09/21,03/12/20,28/08/21,Incidenza,,263,64.7,64.7,
08/09/21,04/12/20,28/08/21,Incidenza,,256,64.5,64.5,
09/09/21,05/12/20,28/08/21,Incidenza,,247,63,63,
,,,,,,,,
27/06/21,22/09/20,28/08/21,Ricoveri,1743,2604,,1743,
28/06/21,23/09/20,28/08/21,Ricoveri,1723,2658,,1723,
29/06/21,24/09/20,28/08/21,Ricoveri,1676,2731,,1676,
30/06/21,25/09/20,28/08/21,Ricoveri,1593,2737,,1593,
01/07/21,26/09/20,28/08/21,Ricoveri,1532,2746,,1532,
02/07/21,27/09/20,28/08/21,Ricoveri,1469,2846,,1469,
03/07/21,28/09/20,28/08/21,Ricoveri,1394,2977,,1394,
04/07/21,29/09/20,28/08/21,Ricoveri,1364,3048,,1364,
05/07/21,30/09/20,28/08/21,Ricoveri,1337,3047,,1337,
06/07/21,01/10/20,28/08/21,Ricoveri,1271,3097,,1271,
07/07/21,02/10/20,28/08/21,Ricoveri,1234,3142,,1234,
08/07/21,03/10/20,28/08/21,Ricoveri,1197,3205,,1197,
09/07/21,04/10/20,28/08/21,Ricoveri,1167,3287,,1167,
10/07/21,05/10/20,28/08/21,Ricoveri,1147,3487,,1147,
11/07/21,06/10/20,28/08/21,Ricoveri,1134,3625,,1134,
12/07/21,07/10/20,28/08/21,Ricoveri,1149,3782,,1149,
13/07/21,08/10/20,28/08/21,Ricoveri,1128,3925,,1128,
14/07/21,09/10/20,28/08/21,Ricoveri,1108,4086,,1108,
15/07/21,10/10/20,28/08/21,Ricoveri,1089,4336,,1089,
16/07/21,11/10/20,28/08/21,Ricoveri,1088,4519,,1088,
17/07/21,12/10/20,28/08/21,Ricoveri,1111,4821,,1111,
18/07/21,13/10/20,28/08/21,Ricoveri,1136,5076,,1136,
19/07/21,14/10/20,28/08/21,Ricoveri,1188,5470,,1188,
20/07/21,15/10/20,28/08/21,Ricoveri,1194,5796,,1194,
21/07/21,16/10/20,28/08/21,Ricoveri,1196,6178,,1196,
22/07/21,17/10/20,28/08/21,Ricoveri,1234,6617,,1234,
23/07/21,18/10/20,28/08/21,Ricoveri,1304,7131,,1304,
24/07/21,19/10/20,28/08/21,Ricoveri,1340,7676,,1340,
25/07/21,20/10/20,28/08/21,Ricoveri,1392,8454,,1392,
26/07/21,21/10/20,28/08/21,Ricoveri,1512,9057,,1512,
27/07/21,22/10/20,28/08/21,Ricoveri,1611,9694,,1611,
28/07/21,23/10/20,28/08/21,Ricoveri,1685,10549,,1685,
29/07/21,24/10/20,28/08/21,Ricoveri,1730,11287,,1730,
30/07/21,25/10/20,28/08/21,Ricoveri,1812,12006,,1812,
31/07/21,26/10/20,28/08/21,Ricoveri,1851,12997,,1851,
01/08/21,27/10/20,28/08/21,Ricoveri,1954,13955,,1954,
02/08/21,28/10/20,28/08/21,Ricoveri,2070,14981,,2070,
03/08/21,29/10/20,28/08/21,Ricoveri,2196,15964,,2196,
04/08/21,30/10/20,28/08/21,Ricoveri,2309,16994,,2309,
05/08/21,31/10/20,28/08/21,Ricoveri,2409,17966,,2409,
06/08/21,01/11/20,28/08/21,Ricoveri,2449,18902,,2449,
07/08/21,02/11/20,28/08/21,Ricoveri,2533,19840,,2533,
08/08/21,03/11/20,28/08/21,Ricoveri,2631,21114,,2631,
09/08/21,04/11/20,28/08/21,Ricoveri,2786,22116,,2786,
10/08/21,05/11/20,28/08/21,Ricoveri,2880,23256,,2880,
11/08/21,06/11/20,28/08/21,Ricoveri,2948,24005,,2948,
12/08/21,07/11/20,28/08/21,Ricoveri,2975,25109,,2975,
13/08/21,08/11/20,28/08/21,Ricoveri,3033,26440,,3033,
14/08/21,09/11/20,28/08/21,Ricoveri,3101,27636,,3101,
15/08/21,10/11/20,28/08/21,Ricoveri,3162,28633,,3162,
16/08/21,11/11/20,28/08/21,Ricoveri,3334,29444,,3334,
17/08/21,12/11/20,28/08/21,Ricoveri,3472,29873,,3472,
18/08/21,13/11/20,28/08/21,Ricoveri,3559,30914,,3559,
19/08/21,14/11/20,28/08/21,Ricoveri,3627,31398,,3627,
20/08/21,15/11/20,28/08/21,Ricoveri,3692,32047,,3692,
21/08/21,16/11/20,28/08/21,Ricoveri,3733,32536,,3733,
22/08/21,17/11/20,28/08/21,Ricoveri,3767,33074,,3767,
23/08/21,18/11/20,28/08/21,Ricoveri,3928,33504,,3928,
24/08/21,19/11/20,28/08/21,Ricoveri,4036,33610,,4036,
25/08/21,20/11/20,28/08/21,Ricoveri,4023,33957,4023,4023,
26/08/21,21/11/20,28/08/21,Ricoveri,4059,34063,,4059,
27/08/21,22/11/20,28/08/21,Ricoveri,4114,34279,,4114,
28/08/21,23/11/20,28/08/21,Ricoveri,4111,34697,,4111,
29/08/21,24/11/20,28/08/21,Ricoveri,,34577,4068,4068,
30/08/21,25/11/20,28/08/21,Ricoveri,,34313,4160,4160,
31/08/21,26/11/20,28/08/21,Ricoveri,,34038,4230,4230,
01/09/21,27/11/20,28/08/21,Ricoveri,,33684,4132,4132,
02/09/21,28/11/20,28/08/21,Ricoveri,,33299,4112,4112,
03/09/21,29/11/20,28/08/21,Ricoveri,,32850,4085,4085,
04/09/21,30/11/20,28/08/21,Ricoveri,,33187,4074,4074,
05/09/21,01/12/20,28/08/21,Ricoveri,,32811,4003,4003,
06/09/21,02/12/20,28/08/21,Ricoveri,,32454,4081,4081,
07/09/21,03/12/20,28/08/21,Ricoveri,,31772,4095,4095,
08/09/21,04/12/20,28/08/21,Ricoveri,,31200,3971,3971,
09/09/21,05/12/20,28/08/21,Ricoveri,,30158,3869,3869,
,,,,,,,,
27/06/21,22/09/20,28/08/21,TI,294,239,,294,
28/06/21,23/09/20,28/08/21,TI,289,244,,289,
29/06/21,24/09/20,28/08/21,TI,270,246,,270,
30/06/21,25/09/20,28/08/21,TI,247,244,,247,
01/07/21,26/09/20,28/08/21,TI,229,247,,229,
02/07/21,27/09/20,28/08/21,TI,213,254,,213,
03/07/21,28/09/20,28/08/21,TI,204,264,,204,
04/07/21,29/09/20,28/08/21,TI,197,271,,197,
05/07/21,30/09/20,28/08/21,TI,191,280,,191,
06/07/21,01/10/20,28/08/21,TI,187,291,,187,
07/07/21,02/10/20,28/08/21,TI,180,294,,180,
08/07/21,03/10/20,28/08/21,TI,180,297,,180,
09/07/21,04/10/20,28/08/21,TI,169,303,,169,
10/07/21,05/10/20,28/08/21,TI,161,323,,161,
11/07/21,06/10/20,28/08/21,TI,161,319,,161,
12/07/21,07/10/20,28/08/21,TI,158,337,,158,
13/07/21,08/10/20,28/08/21,TI,157,358,,157,
14/07/21,09/10/20,28/08/21,TI,151,387,,151,
15/07/21,10/10/20,28/08/21,TI,153,390,,153,
16/07/21,11/10/20,28/08/21,TI,161,420,,161,
17/07/21,12/10/20,28/08/21,TI,162,452,,162,
18/07/21,13/10/20,28/08/21,TI,156,514,,156,
19/07/21,14/10/20,28/08/21,TI,162,539,,162,
20/07/21,15/10/20,28/08/21,TI,165,586,,165,
21/07/21,16/10/20,28/08/21,TI,158,638,,158,
22/07/21,17/10/20,28/08/21,TI,158,705,,158,
23/07/21,18/10/20,28/08/21,TI,155,750,,155,
24/07/21,19/10/20,28/08/21,TI,172,797,,172,
25/07/21,20/10/20,28/08/21,TI,178,870,,178,
26/07/21,21/10/20,28/08/21,TI,182,926,,182,
27/07/21,22/10/20,28/08/21,TI,189,992,,189,
28/07/21,23/10/20,28/08/21,TI,183,1049,,183,
29/07/21,24/10/20,28/08/21,TI,194,1128,,194,
30/07/21,25/10/20,28/08/21,TI,201,1208,,201,
31/07/21,26/10/20,28/08/21,TI,214,1284,,214,
01/08/21,27/10/20,28/08/21,TI,230,1411,,230,
02/08/21,28/10/20,28/08/21,TI,249,1536,,249,
03/08/21,29/10/20,28/08/21,TI,258,1651,,258,
04/08/21,30/10/20,28/08/21,TI,260,1746,,260,
05/08/21,31/10/20,28/08/21,TI,268,1843,,268,
06/08/21,01/11/20,28/08/21,TI,277,1939,,277,
07/08/21,02/11/20,28/08/21,TI,288,2022,,288,
08/08/21,03/11/20,28/08/21,TI,299,2225,,299,
09/08/21,04/11/20,28/08/21,TI,323,2292,,323,
10/08/21,05/11/20,28/08/21,TI,322,2391,,322,
11/08/21,06/11/20,28/08/21,TI,337,2515,,337,
12/08/21,07/11/20,28/08/21,TI,352,2634,,352,
13/08/21,08/11/20,28/08/21,TI,369,2749,,369,
14/08/21,09/11/20,28/08/21,TI,372,2849,,372,
15/08/21,10/11/20,28/08/21,TI,384,2971,,384,
16/08/21,11/11/20,28/08/21,TI,404,3081,,404,
17/08/21,12/11/20,28/08/21,TI,423,3170,,423,
18/08/21,13/11/20,28/08/21,TI,442,3230,,442,
19/08/21,14/11/20,28/08/21,TI,460,3306,,460,
20/08/21,15/11/20,28/08/21,TI,455,3422,,455,
21/08/21,16/11/20,28/08/21,TI,466,3492,,466,
22/08/21,17/11/20,28/08/21,TI,472,3612,,472,
23/08/21,18/11/20,28/08/21,TI,485,3670,,485,
24/08/21,19/11/20,28/08/21,TI,504,3712,,504,
25/08/21,20/11/20,28/08/21,TI,499,3748,499,499,
26/08/21,21/11/20,28/08/21,TI,503,3758,,503,
27/08/21,22/11/20,28/08/21,TI,511,3801,,511,
28/08/21,23/11/20,28/08/21,TI,511,3810,,511,
29/08/21,24/11/20,28/08/21,TI,,3816,501,501,
30/08/21,25/11/20,28/08/21,TI,,3848,512,512,
31/08/21,26/11/20,28/08/21,TI,,3846,525,525,
01/09/21,27/11/20,28/08/21,TI,,3782,506,506,
02/09/21,28/11/20,28/08/21,TI,,3762,507,507,
03/09/21,29/11/20,28/08/21,TI,,3753,507,507,
04/09/21,30/11/20,28/08/21,TI,,3744,505,505,
05/09/21,01/12/20,28/08/21,TI,,3663,484,484,
06/09/21,02/12/20,28/08/21,TI,,3616,484,484,
07/09/21,03/12/20,28/08/21,TI,,3597,494,494,
08/09/21,04/12/20,28/08/21,TI,,3567,480,480,
09/09/21,05/12/20,28/08/21,TI,,3517,477,477,
,,,,,,,,
27/06/21,22/09/20,28/08/21,Decessi,29,15,,29,
28/06/21,23/09/20,28/08/21,Decessi,30,16,,30,
29/06/21,24/09/20,28/08/21,Decessi,31,18,,31,
30/06/21,25/09/20,28/08/21,Decessi,33,19,,33,
01/07/21,26/09/20,28/08/21,Decessi,32,18,,32,
02/07/21,27/09/20,28/08/21,Decessi,28,18,,28,
03/07/21,28/09/20,28/08/21,Decessi,26,18,,26,
04/07/21,29/09/20,28/08/21,Decessi,25,20,,25,
05/07/21,30/09/20,28/08/21,Decessi,26,19,,26,
06/07/21,01/10/20,28/08/21,Decessi,23,20,,23,
07/07/21,02/10/20,28/08/21,Decessi,22,20,,22,
08/07/21,03/10/20,28/08/21,Decessi,21,21,,21,
09/07/21,04/10/20,28/08/21,Decessi,20,22,,20,
10/07/21,05/10/20,28/08/21,Decessi,19,22,,19,
11/07/21,06/10/20,28/08/21,Decessi,18,22,,18,
12/07/21,07/10/20,28/08/21,Decessi,15,24,,15,
13/07/21,08/10/20,28/08/21,Decessi,15,24,,15,
14/07/21,09/10/20,28/08/21,Decessi,16,24,,16,
15/07/21,10/10/20,28/08/21,Decessi,16,25,,16,
16/07/21,11/10/20,28/08/21,Decessi,14,26,,14,
17/07/21,12/10/20,28/08/21,Decessi,14,29,,14,
18/07/21,13/10/20,28/08/21,Decessi,13,31,,13,
19/07/21,14/10/20,28/08/21,Decessi,12,33,,12,
20/07/21,15/10/20,28/08/21,Decessi,11,41,,11,
21/07/21,16/10/20,28/08/21,Decessi,11,45,,11,
22/07/21,17/10/20,28/08/21,Decessi,11,48,,11,
23/07/21,18/10/20,28/08/21,Decessi,12,54,,12,
24/07/21,19/10/20,28/08/21,Decessi,11,59,,11,
25/07/21,20/10/20,28/08/21,Decessi,12,66,,12,
26/07/21,21/10/20,28/08/21,Decessi,14,78,,14,
27/07/21,22/10/20,28/08/21,Decessi,16,85,,16,
28/07/21,23/10/20,28/08/21,Decessi,15,90,,15,
29/07/21,24/10/20,28/08/21,Decessi,16,105,,16,
30/07/21,25/10/20,28/08/21,Decessi,16,114,,16,
31/07/21,26/10/20,28/08/21,Decessi,17,123,,17,
01/08/21,27/10/20,28/08/21,Decessi,17,142,,17,
02/08/21,28/10/20,28/08/21,Decessi,17,153,,17,
03/08/21,29/10/20,28/08/21,Decessi,17,165,,17,
04/08/21,30/10/20,28/08/21,Decessi,18,180,,18,
05/08/21,31/10/20,28/08/21,Decessi,19,201,,19,
06/08/21,01/11/20,28/08/21,Decessi,20,213,,20,
07/08/21,02/11/20,28/08/21,Decessi,21,226,,21,
08/08/21,03/11/20,28/08/21,Decessi,22,245,,22,
09/08/21,04/11/20,28/08/21,Decessi,22,263,,22,
10/08/21,05/11/20,28/08/21,Decessi,23,296,,23,
11/08/21,06/11/20,28/08/21,Decessi,24,331,,24,
12/08/21,07/11/20,28/08/21,Decessi,24,349,,24,
13/08/21,08/11/20,28/08/21,Decessi,27,367,,27,
14/08/21,09/11/20,28/08/21,Decessi,29,384,,29,
15/08/21,10/11/20,28/08/21,Decessi,30,417,,30,
16/08/21,11/11/20,28/08/21,Decessi,31,458,,31,
17/08/21,12/11/20,28/08/21,Decessi,34,485,,34,
18/08/21,13/11/20,28/08/21,Decessi,39,500,,39,
19/08/21,14/11/20,28/08/21,Decessi,43,517,,43,
20/08/21,15/11/20,28/08/21,Decessi,43,548,,43,
21/08/21,16/11/20,28/08/21,Decessi,45,569,,45,
22/08/21,17/11/20,28/08/21,Decessi,46,591,,46,
23/08/21,18/11/20,28/08/21,Decessi,48,609,,48,
24/08/21,19/11/20,28/08/21,Decessi,49,612,,49,
25/08/21,20/11/20,28/08/21,Decessi,48,633,48,48,
26/08/21,21/11/20,28/08/21,Decessi,46,654,,46,
27/08/21,22/11/20,28/08/21,Decessi,46,656,,46,
28/08/21,23/11/20,28/08/21,Decessi,47,674,,47,
29/08/21,24/11/20,28/08/21,Decessi,,692,47.2,47.2,
30/08/21,25/11/20,28/08/21,Decessi,,687,47.2,47.2,
31/08/21,26/11/20,28/08/21,Decessi,,711,49.9,49.9,
01/09/21,27/11/20,28/08/21,Decessi,,730,48.4,48.4,
02/09/21,28/11/20,28/08/21,Decessi,,729,44.6,44.6,
03/09/21,29/11/20,28/08/21,Decessi,,726,44.3,44.3,
04/09/21,30/11/20,28/08/21,Decessi,,732,44.2,44.2,
05/09/21,01/12/20,28/08/21,Decessi,,722,42.5,42.5,
06/09/21,02/12/20,28/08/21,Decessi,,717,42.4,42.4,
07/09/21,03/12/20,28/08/21,Decessi,,741,44.8,44.8,
08/09/21,04/12/20,28/08/21,Decessi,,739,42.1,42.1,
09/09/21,05/12/20,28/08/21,Decessi,,736,38.6,38.6,
,,,,,,,,
27/06/21,22/09/20,28/08/21,Variazioni % incidenza,-31.2,10.8,,-31.2,-42
28/06/21,23/09/20,28/08/21,Variazioni % incidenza,-28.9,12.6,,-28.9,-41.5
29/06/21,24/09/20,28/08/21,Variazioni % incidenza,-26.8,14.8,,-26.8,-41.6
30/06/21,25/09/20,28/08/21,Variazioni % incidenza,-24.6,11.5,,-24.6,-36.1
01/07/21,26/09/20,28/08/21,Variazioni % incidenza,-20.6,12.3,,-20.6,-32.9
02/07/21,27/09/20,28/08/21,Variazioni % incidenza,-14.8,12.6,,-14.8,-27.4
03/07/21,28/09/20,28/08/21,Variazioni % incidenza,-7.7,10.4,,-7.7,-18.1
04/07/21,29/09/20,28/08/21,Variazioni % incidenza,-5.7,11.1,,-5.7,-16.8
05/07/21,30/09/20,28/08/21,Variazioni % incidenza,-2.2,11.1,,-2.2,-13.3
06/07/21,01/10/20,28/08/21,Variazioni % incidenza,4.9,15.8,,4.9,-10.9
07/07/21,02/10/20,28/08/21,Variazioni % incidenza,13.1,20.9,,13.1,-7.8
08/07/21,03/10/20,28/08/21,Variazioni % incidenza,24,27,,24,-3
09/07/21,04/10/20,28/08/21,Variazioni % incidenza,34.7,32,,34.7,2.7
10/07/21,05/10/20,28/08/21,Variazioni % incidenza,41.2,36.8,,41.2,4.4
11/07/21,06/10/20,28/08/21,Variazioni % incidenza,51.6,42.4,,51.6,9.2
12/07/21,07/10/20,28/08/21,Variazioni % incidenza,56.5,54.8,,56.5,1.7
13/07/21,08/10/20,28/08/21,Variazioni % incidenza,61.4,60.4,,61.4,1
14/07/21,09/10/20,28/08/21,Variazioni % incidenza,74.6,74.5,,74.6,0.1
15/07/21,10/10/20,28/08/21,Variazioni % incidenza,77.3,82.6,,77.3,-5.3
16/07/21,11/10/20,28/08/21,Variazioni % incidenza,84,91.6,,84,-7.6
17/07/21,12/10/20,28/08/21,Variazioni % incidenza,95.6,97.1,,95.6,-1.5
18/07/21,13/10/20,28/08/21,Variazioni % incidenza,103.1,104.1,,103.1,-1
19/07/21,14/10/20,28/08/21,Variazioni % incidenza,107.4,103.7,,107.4,3.7
20/07/21,15/10/20,28/08/21,Variazioni % incidenza,115.4,105.8,,115.4,9.6
21/07/21,16/10/20,28/08/21,Variazioni % incidenza,111.9,100.5,,111.9,11.4
22/07/21,17/10/20,28/08/21,Variazioni % incidenza,115.1,98.3,,115.1,16.8
23/07/21,18/10/20,28/08/21,Variazioni % incidenza,107.2,100.2,,107.2,7
24/07/21,19/10/20,28/08/21,Variazioni % incidenza,96.5,100.1,,96.5,-3.6
25/07/21,20/10/20,28/08/21,Variazioni % incidenza,85.4,95.9,,85.4,-10.5
26/07/21,21/10/20,28/08/21,Variazioni % incidenza,78.7,97.8,,78.7,-19.1
27/07/21,22/10/20,28/08/21,Variazioni % incidenza,65.1,94.7,,65.1,-29.6
28/07/21,23/10/20,28/08/21,Variazioni % incidenza,55.5,94.9,,55.5,-39.4
29/07/21,24/10/20,28/08/21,Variazioni % incidenza,43.3,92.2,,43.3,-48.9
30/07/21,25/10/20,28/08/21,Variazioni % incidenza,36.7,88.1,,36.7,-51.4
31/07/21,26/10/20,28/08/21,Variazioni % incidenza,31.8,86.2,,31.8,-54.4
01/08/21,27/10/20,28/08/21,Variazioni % incidenza,26.6,88.9,,26.6,-62.3
02/08/21,28/10/20,28/08/21,Variazioni % incidenza,22.6,82.3,,22.6,-59.7
03/08/21,29/10/20,28/08/21,Variazioni % incidenza,19.9,79.3,,19.9,-59.4
04/08/21,30/10/20,28/08/21,Variazioni % incidenza,17.4,74.6,,17.4,-57.2
05/08/21,31/10/20,28/08/21,Variazioni % incidenza,16.7,71.5,,16.7,-54.8
06/08/21,01/11/20,28/08/21,Variazioni % incidenza,11.9,64.6,,11.9,-52.7
07/08/21,02/11/20,28/08/21,Variazioni % incidenza,8.8,58.4,,8.8,-49.6
08/08/21,03/11/20,28/08/21,Variazioni % incidenza,8.3,49.7,,8.3,-41.4
09/08/21,04/11/20,28/08/21,Variazioni % incidenza,10.7,43.2,,10.7,-32.5
10/08/21,05/11/20,28/08/21,Variazioni % incidenza,11.7,38.1,,11.7,-26.4
11/08/21,06/11/20,28/08/21,Variazioni % incidenza,10.1,32.1,,10.1,-22
12/08/21,07/11/20,28/08/21,Variazioni % incidenza,7.3,27.5,,7.3,-20.2
13/08/21,08/11/20,28/08/21,Variazioni % incidenza,9.4,23,,9.4,-13.6
14/08/21,09/11/20,28/08/21,Variazioni % incidenza,9,21.2,,9,-12.2
15/08/21,10/11/20,28/08/21,Variazioni % incidenza,7.7,20.8,,7.7,-13.1
16/08/21,11/11/20,28/08/21,Variazioni % incidenza,3.9,18.7,,3.9,-14.8
17/08/21,12/11/20,28/08/21,Variazioni % incidenza,1.4,16,,1.4,-14.6
18/08/21,13/11/20,28/08/21,Variazioni % incidenza,0.9,13.8,,0.9,-12.9
19/08/21,14/11/20,28/08/21,Variazioni % incidenza,0.8,8.5,,0.8,-7.7
20/08/21,15/11/20,28/08/21,Variazioni % incidenza,-1.4,7.8,,-1.4,-9.2
21/08/21,16/11/20,28/08/21,Variazioni % incidenza,-1.4,7.3,,-1.4,-8.7
22/08/21,17/11/20,28/08/21,Variazioni % incidenza,-0.7,3,,-0.7,-3.7
23/08/21,18/11/20,28/08/21,Variazioni % incidenza,1.6,2.6,,1.6,-1
24/08/21,19/11/20,28/08/21,Variazioni % incidenza,4.2,0.5,,4.2,3.7
25/08/21,20/11/20,28/08/21,Variazioni % incidenza,4.7,-2.2,4.7,4.7,6.9
26/08/21,21/11/20,28/08/21,Variazioni % incidenza,4.6,-2.1,,4.6,6.7
27/08/21,22/11/20,28/08/21,Variazioni % incidenza,6.5,-4.9,,6.5,11.4
28/08/21,23/11/20,28/08/21,Variazioni % incidenza,4.4,-7.5,,4.4,11.9
29/08/21,24/11/20,28/08/21,Variazioni % incidenza,,-10.1,1.8,1.8,11.9
30/08/21,25/11/20,28/08/21,Variazioni % incidenza,,-14.1,-2.2,-2.2,11.9
31/08/21,26/11/20,28/08/21,Variazioni % incidenza,,-16.6,-4.7,-4.7,11.9
01/09/21,27/11/20,28/08/21,Variazioni % incidenza,,-19.2,-7.3,-7.3,11.9
02/09/21,28/11/20,28/08/21,Variazioni % incidenza,,-22,-10.1,-10.1,11.9
03/09/21,29/11/20,28/08/21,Variazioni % incidenza,,-23.5,-11.6,-11.6,11.9
04/09/21,30/11/20,28/08/21,Variazioni % incidenza,,-24.9,-13,-13,11.9
05/09/21,01/12/20,28/08/21,Variazioni % incidenza,,-23.6,-11.7,-11.7,11.9
06/09/21,02/12/20,28/08/21,Variazioni % incidenza,,-23,-11.1,-11.1,11.9
07/09/21,03/12/20,28/08/21,Variazioni % incidenza,,-23,-11.1,-11.1,11.9
08/09/21,04/12/20,28/08/21,Variazioni % incidenza,,-21.6,-9.7,-9.7,11.9
09/09/21,05/12/20,28/08/21,Variazioni % incidenza,,-20.9,-9,-9,11.9
,,,,,,,,
27/06/21,22/09/20,28/08/21,Variazioni % ricoveri,-28.7,17.2,,-28.7,-45.9
28/06/21,23/09/20,28/08/21,Variazioni % ricoveri,-27.9,16.3,,-27.9,-44.2
29/06/21,24/09/20,28/08/21,Variazioni % ricoveri,-26.8,16.3,,-26.8,-43.1
30/06/21,25/09/20,28/08/21,Variazioni % ricoveri,-25.6,14.7,,-25.6,-40.3
01/07/21,26/09/20,28/08/21,Variazioni % ricoveri,-24.4,15.4,,-24.4,-39.8
02/07/21,27/09/20,28/08/21,Variazioni % ricoveri,-22.6,20.3,,-22.6,-42.9
03/07/21,28/09/20,28/08/21,Variazioni % ricoveri,-21.3,20.3,,-21.3,-41.6
04/07/21,29/09/20,28/08/21,Variazioni % ricoveri,-21.7,17.1,,-21.7,-38.8
05/07/21,30/09/20,28/08/21,Variazioni % ricoveri,-22.4,14.6,,-22.4,-37
06/07/21,01/10/20,28/08/21,Variazioni % ricoveri,-24.2,13.4,,-24.2,-37.6
07/07/21,02/10/20,28/08/21,Variazioni % ricoveri,-22.5,14.8,,-22.5,-37.3
08/07/21,03/10/20,28/08/21,Variazioni % ricoveri,-21.9,16.7,,-21.9,-38.6
09/07/21,04/10/20,28/08/21,Variazioni % ricoveri,-20.6,15.5,,-20.6,-36.1
10/07/21,05/10/20,28/08/21,Variazioni % ricoveri,-17.7,17.1,,-17.7,-34.8
11/07/21,06/10/20,28/08/21,Variazioni % ricoveri,-16.9,18.9,,-16.9,-35.8
12/07/21,07/10/20,28/08/21,Variazioni % ricoveri,-14.1,24.1,,-14.1,-38.2
13/07/21,08/10/20,28/08/21,Variazioni % ricoveri,-11.3,26.7,,-11.3,-38
14/07/21,09/10/20,28/08/21,Variazioni % ricoveri,-10.2,30,,-10.2,-40.2
15/07/21,10/10/20,28/08/21,Variazioni % ricoveri,-9,35.3,,-9,-44.3
16/07/21,11/10/20,28/08/21,Variazioni % ricoveri,-6.8,37.5,,-6.8,-44.3
17/07/21,12/10/20,28/08/21,Variazioni % ricoveri,-3.1,38.3,,-3.1,-41.4
18/07/21,13/10/20,28/08/21,Variazioni % ricoveri,0.2,40,,0.2,-39.8
19/07/21,14/10/20,28/08/21,Variazioni % ricoveri,3.4,44.6,,3.4,-41.2
20/07/21,15/10/20,28/08/21,Variazioni % ricoveri,5.9,47.7,,5.9,-41.8
21/07/21,16/10/20,28/08/21,Variazioni % ricoveri,7.9,51.2,,7.9,-43.3
22/07/21,17/10/20,28/08/21,Variazioni % ricoveri,13.3,52.6,,13.3,-39.3
23/07/21,18/10/20,28/08/21,Variazioni % ricoveri,19.9,57.8,,19.9,-37.9
24/07/21,19/10/20,28/08/21,Variazioni % ricoveri,20.6,59.2,,20.6,-38.6
25/07/21,20/10/20,28/08/21,Variazioni % ricoveri,22.5,66.5,,22.5,-44
26/07/21,21/10/20,28/08/21,Variazioni % ricoveri,27.3,65.6,,27.3,-38.3
27/07/21,22/10/20,28/08/21,Variazioni % ricoveri,34.9,67.3,,34.9,-32.4
28/07/21,23/10/20,28/08/21,Variazioni % ricoveri,40.9,70.8,,40.9,-29.9
29/07/21,24/10/20,28/08/21,Variazioni % ricoveri,40.2,70.6,,40.2,-30.4
30/07/21,25/10/20,28/08/21,Variazioni % ricoveri,39,68.4,,39,-29.4
31/07/21,26/10/20,28/08/21,Variazioni % ricoveri,38.1,69.3,,38.1,-31.2
01/08/21,27/10/20,28/08/21,Variazioni % ricoveri,40.4,65.1,,40.4,-24.7
02/08/21,28/10/20,28/08/21,Variazioni % ricoveri,36.9,65.4,,36.9,-28.5
03/08/21,29/10/20,28/08/21,Variazioni % ricoveri,36.3,64.7,,36.3,-28.4
04/08/21,30/10/20,28/08/21,Variazioni % ricoveri,37,61.1,,37,-24.1
05/08/21,31/10/20,28/08/21,Variazioni % ricoveri,39.2,59.2,,39.2,-20
06/08/21,01/11/20,28/08/21,Variazioni % ricoveri,35.2,57.4,,35.2,-22.2
07/08/21,02/11/20,28/08/21,Variazioni % ricoveri,36.8,52.7,,36.8,-15.9
08/08/21,03/11/20,28/08/21,Variazioni % ricoveri,34.6,51.3,,34.6,-16.7
09/08/21,04/11/20,28/08/21,Variazioni % ricoveri,34.6,47.6,,34.6,-13
10/08/21,05/11/20,28/08/21,Variazioni % ricoveri,31.1,45.7,,31.1,-14.6
11/08/21,06/11/20,28/08/21,Variazioni % ricoveri,27.7,41.3,,27.7,-13.6
12/08/21,07/11/20,28/08/21,Variazioni % ricoveri,23.5,39.8,,23.5,-16.3
13/08/21,08/11/20,28/08/21,Variazioni % ricoveri,23.8,39.9,,23.8,-16.1
14/08/21,09/11/20,28/08/21,Variazioni % ricoveri,22.4,39.3,,22.4,-16.9
15/08/21,10/11/20,28/08/21,Variazioni % ricoveri,20.2,35.6,,20.2,-15.4
16/08/21,11/11/20,28/08/21,Variazioni % ricoveri,19.7,33.1,,19.7,-13.4
17/08/21,12/11/20,28/08/21,Variazioni % ricoveri,20.6,28.5,,20.6,-7.9
18/08/21,13/11/20,28/08/21,Variazioni % ricoveri,20.7,28.8,,20.7,-8.1
19/08/21,14/11/20,28/08/21,Variazioni % ricoveri,21.9,25,,21.9,-3.1
20/08/21,15/11/20,28/08/21,Variazioni % ricoveri,21.7,21.2,,21.7,0.5
21/08/21,16/11/20,28/08/21,Variazioni % ricoveri,20.4,17.7,,20.4,2.7
22/08/21,17/11/20,28/08/21,Variazioni % ricoveri,19.1,15.5,,19.1,3.6
23/08/21,18/11/20,28/08/21,Variazioni % ricoveri,17.8,13.8,,17.8,4
24/08/21,19/11/20,28/08/21,Variazioni % ricoveri,16.2,12.5,,16.2,3.7
25/08/21,20/11/20,28/08/21,Variazioni % ricoveri,13,9.8,13,13,3.2
26/08/21,21/11/20,28/08/21,Variazioni % ricoveri,11.9,8.5,,11.9,3.4
27/08/21,22/11/20,28/08/21,Variazioni % ricoveri,11.4,7,,11.4,4.4
28/08/21,23/11/20,28/08/21,Variazioni % ricoveri,10.1,6.6,,10.1,3.5
29/08/21,24/11/20,28/08/21,Variazioni % ricoveri,,4.5,8,8,3.5
30/08/21,25/11/20,28/08/21,Variazioni % ricoveri,,2.4,5.9,5.9,3.5
31/08/21,26/11/20,28/08/21,Variazioni % ricoveri,,1.3,4.8,4.8,3.5
01/09/21,27/11/20,28/08/21,Variazioni % ricoveri,,-0.8,2.7,2.7,3.5
02/09/21,28/11/20,28/08/21,Variazioni % ricoveri,,-2.2,1.3,1.3,3.5
03/09/21,29/11/20,28/08/21,Variazioni % ricoveri,,-4.2,-0.7,-0.7,3.5
04/09/21,30/11/20,28/08/21,Variazioni % ricoveri,,-4.4,-0.9,-0.9,3.5
05/09/21,01/12/20,28/08/21,Variazioni % ricoveri,,-5.1,-1.6,-1.6,3.5
06/09/21,02/12/20,28/08/21,Variazioni % ricoveri,,-5.4,-1.9,-1.9,3.5
07/09/21,03/12/20,28/08/21,Variazioni % ricoveri,,-6.7,-3.2,-3.2,3.5
08/09/21,04/12/20,28/08/21,Variazioni % ricoveri,,-7.4,-3.9,-3.9,3.5
09/09/21,05/12/20,28/08/21,Variazioni % ricoveri,,-9.4,-5.9,-5.9,3.5
,,,,,,,,
27/06/21,22/09/20,28/08/21,Variazioni % TI,-24.40,18.90,,-24.4,-43.3
28/06/21,23/09/20,28/08/21,Variazioni % TI,-24.90,17.90,,-24.9,-42.8
29/06/21,24/09/20,28/08/21,Variazioni % TI,-25.40,16.00,,-25.4,-41.4
30/06/21,25/09/20,28/08/21,Variazioni % TI,-28.20,17.30,,-28.2,-45.5
01/07/21,26/09/20,28/08/21,Variazioni % TI,-30.20,14.90,,-30.2,-45.1
02/07/21,27/09/20,28/08/21,Variazioni % TI,-30.40,14.40,,-30.4,-44.8
03/07/21,28/09/20,28/08/21,Variazioni % TI,-31.50,13.80,,-31.5,-45.3
04/07/21,29/09/20,28/08/21,Variazioni % TI,-33.00,13.40,,-33,-46.4
05/07/21,30/09/20,28/08/21,Variazioni % TI,-33.90,14.80,,-33.9,-48.7
06/07/21,01/10/20,28/08/21,Variazioni % TI,-30.70,18.30,,-30.7,-49
07/07/21,02/10/20,28/08/21,Variazioni % TI,-27.10,20.50,,-27.1,-47.6
08/07/21,03/10/20,28/08/21,Variazioni % TI,-21.40,20.20,,-21.4,-41.6
09/07/21,04/10/20,28/08/21,Variazioni % TI,-20.70,19.30,,-20.7,-40
10/07/21,05/10/20,28/08/21,Variazioni % TI,-21.10,22.30,,-21.1,-43.4
11/07/21,06/10/20,28/08/21,Variazioni % TI,-18.30,17.70,,-18.3,-36
12/07/21,07/10/20,28/08/21,Variazioni % TI,-17.30,20.40,,-17.3,-37.7
13/07/21,08/10/20,28/08/21,Variazioni % TI,-16.00,23.00,,-16,-39
14/07/21,09/10/20,28/08/21,Variazioni % TI,-16.10,31.60,,-16.1,-47.7
15/07/21,10/10/20,28/08/21,Variazioni % TI,-15.00,31.30,,-15,-46.3
16/07/21,11/10/20,28/08/21,Variazioni % TI,-4.70,38.60,,-4.7,-43.3
17/07/21,12/10/20,28/08/21,Variazioni % TI,0.60,39.90,,0.6,-39.3
18/07/21,13/10/20,28/08/21,Variazioni % TI,-3.10,61.10,,-3.1,-64.2
19/07/21,14/10/20,28/08/21,Variazioni % TI,2.50,59.90,,2.5,-57.4
20/07/21,15/10/20,28/08/21,Variazioni % TI,5.10,63.70,,5.1,-58.6
21/07/21,16/10/20,28/08/21,Variazioni % TI,4.60,64.90,,4.6,-60.3
22/07/21,17/10/20,28/08/21,Variazioni % TI,3.30,80.80,,3.3,-77.5
23/07/21,18/10/20,28/08/21,Variazioni % TI,-3.70,78.60,,-3.7,-82.3
24/07/21,19/10/20,28/08/21,Variazioni % TI,6.20,76.30,,6.2,-70.1
25/07/21,20/10/20,28/08/21,Variazioni % TI,14.10,69.30,,14.1,-55.2
26/07/21,21/10/20,28/08/21,Variazioni % TI,12.30,71.80,,12.3,-59.5
27/07/21,22/10/20,28/08/21,Variazioni % TI,14.50,69.30,,14.5,-54.8
28/07/21,23/10/20,28/08/21,Variazioni % TI,15.80,64.40,,15.8,-48.6
29/07/21,24/10/20,28/08/21,Variazioni % TI,22.80,60.00,,22.8,-37.2
30/07/21,25/10/20,28/08/21,Variazioni % TI,29.70,61.10,,29.7,-31.4
31/07/21,26/10/20,28/08/21,Variazioni % TI,24.40,61.10,,24.4,-36.7
01/08/21,27/10/20,28/08/21,Variazioni % TI,29.20,62.20,,29.2,-33
02/08/21,28/10/20,28/08/21,Variazioni % TI,36.80,65.90,,36.8,-29.1
03/08/21,29/10/20,28/08/21,Variazioni % TI,36.50,66.40,,36.5,-29.9
04/08/21,30/10/20,28/08/21,Variazioni % TI,42.10,66.40,,42.1,-24.3
05/08/21,31/10/20,28/08/21,Variazioni % TI,38.10,63.40,,38.1,-25.3
06/08/21,01/11/20,28/08/21,Variazioni % TI,37.80,60.50,,37.8,-22.7
07/08/21,02/11/20,28/08/21,Variazioni % TI,34.60,57.50,,34.6,-22.9
08/08/21,03/11/20,28/08/21,Variazioni % TI,30.00,57.70,,30,-27.7
09/08/21,04/11/20,28/08/21,Variazioni % TI,29.70,49.20,,29.7,-19.5
10/08/21,05/11/20,28/08/21,Variazioni % TI,24.80,44.80,,24.8,-20
11/08/21,06/11/20,28/08/21,Variazioni % TI,29.60,44.00,,29.6,-14.4
12/08/21,07/11/20,28/08/21,Variazioni % TI,31.30,42.90,,31.3,-11.6
13/08/21,08/11/20,28/08/21,Variazioni % TI,33.20,41.80,,33.2,-8.6
14/08/21,09/11/20,28/08/21,Variazioni % TI,29.20,40.90,,29.2,-11.7
15/08/21,10/11/20,28/08/21,Variazioni % TI,28.40,33.50,,28.4,-5.1
16/08/21,11/11/20,28/08/21,Variazioni % TI,25.10,34.40,,25.1,-9.3
17/08/21,12/11/20,28/08/21,Variazioni % TI,31.40,32.60,,31.4,-1.2
18/08/21,13/11/20,28/08/21,Variazioni % TI,31.20,28.40,,31.2,2.8
19/08/21,14/11/20,28/08/21,Variazioni % TI,30.70,25.50,,30.7,5.2
20/08/21,15/11/20,28/08/21,Variazioni % TI,23.30,24.50,,23.3,-1.2
21/08/21,16/11/20,28/08/21,Variazioni % TI,25.30,22.60,,25.3,2.7
22/08/21,17/11/20,28/08/21,Variazioni % TI,22.90,21.60,,22.9,1.3
23/08/21,18/11/20,28/08/21,Variazioni % TI,20.00,19.10,,20,0.9
24/08/21,19/11/20,28/08/21,Variazioni % TI,19.10,17.10,,19.1,2
25/08/21,20/11/20,28/08/21,Variazioni % TI,12.90,16.00,12.9,12.9,-3.1
26/08/21,21/11/20,28/08/21,Variazioni % TI,9.30,13.70,,9.3,-4.4
27/08/21,22/11/20,28/08/21,Variazioni % TI,12.30,11.10,,12.3,1.2
28/08/21,23/11/20,28/08/21,Variazioni % TI,9.70,9.10,,9.7,0.6
29/08/21,24/11/20,28/08/21,Variazioni % TI,,5.60,6.2,6.2,0.6
30/08/21,25/11/20,28/08/21,Variazioni % TI,,4.90,5.5,5.5,0.6
31/08/21,26/11/20,28/08/21,Variazioni % TI,,3.60,4.2,4.2,0.6
01/09/21,27/11/20,28/08/21,Variazioni % TI,,0.90,1.5,1.5,0.6
02/09/21,28/11/20,28/08/21,Variazioni % TI,,0.10,0.7,0.7,0.6
03/09/21,29/11/20,28/08/21,Variazioni % TI,,-1.30,-0.7,-0.7,0.6
04/09/21,30/11/20,28/08/21,Variazioni % TI,,-1.70,-1.1,-1.1,0.6
05/09/21,01/12/20,28/08/21,Variazioni % TI,,-4.00,-3.4,-3.4,0.6
06/09/21,02/12/20,28/08/21,Variazioni % TI,,-6.00,-5.4,-5.4,0.6
07/09/21,03/12/20,28/08/21,Variazioni % TI,,-6.50,-5.9,-5.9,0.6
08/09/21,04/12/20,28/08/21,Variazioni % TI,,-5.70,-5.1,-5.1,0.6
09/09/21,05/12/20,28/08/21,Variazioni % TI,,-6.50,-5.9,-5.9,0.6
,,,,,,,,
27/06/21,22/09/20,28/08/21,Variazioni % decessi,-24.6,50,,-24.6,-74.6
28/06/21,23/09/20,28/08/21,Variazioni % decessi,-17.4,66.2,,-17.4,-83.6
29/06/21,24/09/20,28/08/21,Variazioni % decessi,-0.5,73.2,,-0.5,-73.7
30/06/21,25/09/20,28/08/21,Variazioni % decessi,27.5,87.3,,27.5,-59.8
01/07/21,26/09/20,28/08/21,Variazioni % decessi,30.8,41.6,,30.8,-10.8
02/07/21,27/09/20,28/08/21,Variazioni % decessi,2.1,32,,2.1,-29.9
03/07/21,28/09/20,28/08/21,Variazioni % decessi,-12.7,27,,-12.7,-39.7
04/07/21,29/09/20,28/08/21,Variazioni % decessi,-12.4,30.5,,-12.4,-42.9
05/07/21,30/09/20,28/08/21,Variazioni % decessi,-13.9,20.4,,-13.9,-34.3
06/07/21,01/10/20,28/08/21,Variazioni % decessi,-26.4,11.4,,-26.4,-37.8
07/07/21,02/10/20,28/08/21,Variazioni % decessi,-34.5,5.3,,-34.5,-39.8
08/07/21,03/10/20,28/08/21,Variazioni % decessi,-36,19,,-36,-55
09/07/21,04/10/20,28/08/21,Variazioni % decessi,-28.4,18,,-28.4,-46.4
10/07/21,05/10/20,28/08/21,Variazioni % decessi,-26.8,18.9,,-26.8,-45.7
11/07/21,06/10/20,28/08/21,Variazioni % decessi,-28.8,13.1,,-28.8,-41.9
12/07/21,07/10/20,28/08/21,Variazioni % decessi,-40,22.8,,-40,-62.8
13/07/21,08/10/20,28/08/21,Variazioni % decessi,-35.8,20.4,,-35.8,-56.2
14/07/21,09/10/20,28/08/21,Variazioni % decessi,-25.7,21.4,,-25.7,-47.1
15/07/21,10/10/20,28/08/21,Variazioni % decessi,-24.3,14.7,,-24.3,-39
16/07/21,11/10/20,28/08/21,Variazioni % decessi,-32.6,19.2,,-32.6,-51.8
17/07/21,12/10/20,28/08/21,Variazioni % decessi,-26.7,34.4,,-26.7,-61.1
18/07/21,13/10/20,28/08/21,Variazioni % decessi,-27,39.4,,-27,-66.4
19/07/21,14/10/20,28/08/21,Variazioni % decessi,-20.4,36.5,,-20.4,-56.9
20/07/21,15/10/20,28/08/21,Variazioni % decessi,-26.9,75.2,,-26.9,-102.1
21/07/21,16/10/20,28/08/21,Variazioni % decessi,-34.5,85.9,,-34.5,-120.4
22/07/21,17/10/20,28/08/21,Variazioni % decessi,-26.6,94.2,,-26.6,-120.8
23/07/21,18/10/20,28/08/21,Variazioni % decessi,-9.5,109.4,,-9.5,-118.9
24/07/21,19/10/20,28/08/21,Variazioni % decessi,-18.8,102.5,,-18.8,-121.3
25/07/21,20/10/20,28/08/21,Variazioni % decessi,-10.9,112.5,,-10.9,-123.4
26/07/21,21/10/20,28/08/21,Variazioni % decessi,12.8,138.2,,12.8,-125.4
27/07/21,22/10/20,28/08/21,Variazioni % decessi,46.1,106.2,,46.1,-60.1
28/07/21,23/10/20,28/08/21,Variazioni % decessi,41.9,100,,41.9,-58.1
29/07/21,24/10/20,28/08/21,Variazioni % decessi,36.3,120.4,,36.3,-84.1
30/07/21,25/10/20,28/08/21,Variazioni % decessi,27.9,110.9,,27.9,-83
31/07/21,26/10/20,28/08/21,Variazioni % decessi,55.1,110,,55.1,-54.9
01/08/21,27/10/20,28/08/21,Variazioni % decessi,41.5,116.8,,41.5,-75.3
02/08/21,28/10/20,28/08/21,Variazioni % decessi,20.6,97.6,,20.6,-77
03/08/21,29/10/20,28/08/21,Variazioni % decessi,8.1,93.6,,8.1,-85.5
04/08/21,30/10/20,28/08/21,Variazioni % decessi,20,99.7,,20,-79.7
05/08/21,31/10/20,28/08/21,Variazioni % decessi,22.9,91.3,,22.9,-68.4
06/08/21,01/11/20,28/08/21,Variazioni % decessi,27.3,87.2,,27.3,-59.9
07/08/21,02/11/20,28/08/21,Variazioni % decessi,20.7,83.1,,20.7,-62.4
08/08/21,03/11/20,28/08/21,Variazioni % decessi,33.6,72.1,,33.6,-38.5
09/08/21,04/11/20,28/08/21,Variazioni % decessi,31.6,71.7,,31.6,-40.1
10/08/21,05/11/20,28/08/21,Variazioni % decessi,31.7,79.4,,31.7,-47.7
11/08/21,06/11/20,28/08/21,Variazioni % decessi,33.3,83.6,,33.3,-50.3
12/08/21,07/11/20,28/08/21,Variazioni % decessi,27.6,73.7,,27.6,-46.1
13/08/21,08/11/20,28/08/21,Variazioni % decessi,37.1,72.6,,37.1,-35.5
14/08/21,09/11/20,28/08/21,Variazioni % decessi,39.7,70.3,,39.7,-30.6
15/08/21,10/11/20,28/08/21,Variazioni % decessi,36.8,70.4,,36.8,-33.6
16/08/21,11/11/20,28/08/21,Variazioni % decessi,39,74,,39,-35
17/08/21,12/11/20,28/08/21,Variazioni % decessi,50,64.1,,50,-14.1
18/08/21,13/11/20,28/08/21,Variazioni % decessi,63.7,51.1,,63.7,12.6
19/08/21,14/11/20,28/08/21,Variazioni % decessi,75.4,48.1,,75.4,27.3
20/08/21,15/11/20,28/08/21,Variazioni % decessi,58.3,49.3,,58.3,9
21/08/21,16/11/20,28/08/21,Variazioni % decessi,54.4,48,,54.4,6.4
22/08/21,17/11/20,28/08/21,Variazioni % decessi,50.5,41.7,,50.5,8.8
23/08/21,18/11/20,28/08/21,Variazioni % decessi,58.4,33,,58.4,25.4
24/08/21,19/11/20,28/08/21,Variazioni % decessi,45.6,26,,45.6,19.6
25/08/21,20/11/20,28/08/21,Variazioni % decessi,21.8,26.5,21.8,21.8,-4.7
26/08/21,21/11/20,28/08/21,Variazioni % decessi,7.7,26.5,7.7,7.7,-18.8
27/08/21,22/11/20,28/08/21,Variazioni % decessi,4.9,19.8,4.9,4.9,-14.9
28/08/21,23/11/20,28/08/21,Variazioni % decessi,4.1,18.5,4.1,4.1,-14.4
29/08/21,24/11/20,28/08/21,Variazioni % decessi,,17.1,2.7,2.7,-14.4
30/08/21,25/11/20,28/08/21,Variazioni % decessi,,12.8,-1.6,-1.6,-14.4
31/08/21,26/11/20,28/08/21,Variazioni % decessi,,16.3,1.9,1.9,-14.4
01/09/21,27/11/20,28/08/21,Variazioni % decessi,,15.3,0.9,0.9,-14.4
02/09/21,28/11/20,28/08/21,Variazioni % decessi,,11.4,-3,-3,-14.4
03/09/21,29/11/20,28/08/21,Variazioni % decessi,,10.6,-3.8,-3.8,-14.4
04/09/21,30/11/20,28/08/21,Variazioni % decessi,,8.5,-5.9,-5.9,-14.4
05/09/21,01/12/20,28/08/21,Variazioni % decessi,,4.4,-10,-10,-14.4
06/09/21,02/12/20,28/08/21,Variazioni % decessi,,4.3,-10.1,-10.1,-14.4
07/09/21,03/12/20,28/08/21,Variazioni % decessi,,4.2,-10.2,-10.2,-14.4
08/09/21,04/12/20,28/08/21,Variazioni % decessi,,1.4,-13,-13,-14.4
09/09/21,05/12/20,28/08/21,Variazioni % decessi,,1,-13.4,-13.4,-14.4
,,,,,,,,
,,,,,,,,
,,,,,,,,
,,,,,,,,
,,,,,,,,
,,,,,,,,
,,,,,,,,
,,,,,,,,
,,,,,,,,
,,,,,,,,
,,,,,,,,
,,,,,,,,
,,,,,,,,
,,,,,,,,
,,,,,,,,
,,,,,,,,
,,,,,,,,
,,,,,,,,
,,,,,,,,
,,,,,,,,
,,,,,,,,
,,,,,,,,
,,,,,,,,
,,,,,,,,
,,,,,,,,
,,,,,,,,
,,,,,,,,
,,,,,,,,
,,,,,,,,
,,,,,,,,
,,,,,,,,
,,,,,,,,
,,,,,,,,
,,,,,,,,
,,,,,,,,
,,,,,,,,
,,,,,,,,
,,,,,,,,
,,,,,,,,
,,,,,,,,
,,,,,,,,
,,,,,,,,
,,,,,,,,
,,,,,,,,
,,,,,,,,
,,,,,,,,
,,,,,,,,
,,,,,,,,
,,,,,,,,
,,,,,,,,
,,,,,,,,
,,,,,,,,
,,,,,,,,
,,,,,,,,
,,,,,,,,
,,,,,,,,
,,,,,,,,
,,,,,,,,
,,,,,,,,
,,,,,,,,
,,,,,,,,
