Data,aggiornamento,Filter,Popolazione,Incidenza,Ricoveri,TI,Decessi,Data ospedali,Data decessi,PIncidenza,Pricoveri,PTI,PDecessi,,,,Rapporto ricoveri/incidenza,Rapporto TI/incidenza,Rapporto decessi/incidenza,Delay ospedali,Delay decessi,,,
28/12/20,28/12/21,Andamento,59257566,157,39.83,44.60,56.50,11/01/21,18/01/21,157,39.83,44.6,56.5,0.254,0.284,0.360,,,,14,21,,,
29/12/20,28/12/21,Andamento,59257566,154,40.02,44.50,56.30,12/01/21,19/01/21,154,40.02,44.5,56.3,0.260,0.289,0.366,,,,14,21,,,
30/12/20,28/12/21,Andamento,59257566,156,39.7,43.50,56.60,13/01/21,20/01/21,156,39.7,43.5,56.6,0.254,0.279,0.363,,,,14,21,,,
31/12/20,28/12/21,Andamento,59257566,166,39,43.20,56.60,14/01/21,21/01/21,166,39,43.2,56.6,0.235,0.260,0.341,,,,14,21,,,
01/01/21,28/12/21,Andamento,59257566,171,38.55,42.60,56.50,15/01/21,22/01/21,171,38.55,42.6,56.5,0.225,0.249,0.330,,,,14,21,,,
02/01/21,28/12/21,Andamento,59257566,174,38.45,42.50,56.70,16/01/21,23/01/21,174,38.45,42.5,56.7,0.221,0.244,0.326,,,,14,21,,,
03/01/21,28/12/21,Andamento,59257566,183,38.4,42.20,55.40,17/01/21,24/01/21,183,38.4,42.2,55.4,0.210,0.231,0.303,0.237,0.262,0.341,14,21,,,
04/01/21,28/12/21,Andamento,59257566,186,38.62,42.90,56.10,18/01/21,25/01/21,186,38.62,42.9,56.1,0.208,0.231,0.302,0.230,0.255,0.333,14,21,,,
05/01/21,28/12/21,Andamento,59257566,193,38.31,42.00,55.10,19/01/21,26/01/21,193,38.31,42,55.1,0.198,0.218,0.285,0.222,0.244,0.321,14,21,,,
06/01/21,28/12/21,Andamento,59257566,201,37.92,41.50,54.10,20/01/21,27/01/21,201,37.92,41.5,54.1,0.189,0.206,0.269,0.212,0.234,0.308,14,21,,,
07/01/21,28/12/21,Andamento,59257566,192,37.2,40.80,53.60,21/01/21,28/01/21,192,37.2,40.8,53.6,0.194,0.213,0.279,0.206,0.227,0.299,14,21,,,
08/01/21,28/12/21,Andamento,59257566,184,36.6,40.30,53.70,22/01/21,29/01/21,184,36.6,40.3,53.7,0.199,0.219,0.292,0.203,0.223,0.294,14,21,,,
09/01/21,28/12/21,Andamento,59257566,198,36.12,40.30,52.60,23/01/21,30/01/21,198,36.12,40.3,52.6,0.182,0.204,0.266,0.197,0.217,0.285,14,21,,,
10/01/21,28/12/21,Andamento,59257566,205,35.96,40.50,51.60,24/01/21,31/01/21,205,35.96,40.5,51.6,0.175,0.198,0.252,0.192,0.212,0.278,14,21,,,
11/01/21,28/12/21,Andamento,59257566,208,36.15,40.90,50.00,25/01/21,01/02/21,208,36.15,40.9,50,0.174,0.197,0.240,0.187,0.208,0.269,14,21,,,
12/01/21,28/12/21,Andamento,59257566,206,36.04,40.00,49.30,26/01/21,02/02/21,206,36.04,40,49.3,0.175,0.194,0.239,0.184,0.204,0.262,14,21,,,
13/01/21,28/12/21,Andamento,59257566,198,35.71,39.70,49.40,27/01/21,03/02/21,198,35.71,39.7,49.4,0.180,0.201,0.249,0.183,0.203,0.260,14,21,,,
14/01/21,28/12/21,Andamento,59257566,197,35.06,38.60,48.30,28/01/21,04/02/21,197,35.06,38.6,48.3,0.178,0.196,0.245,0.181,0.201,0.255,14,21,,,
15/01/21,28/12/21,Andamento,59257566,194,34.42,38.30,46.60,29/01/21,05/02/21,194,34.42,38.3,46.6,0.177,0.197,0.240,0.177,0.198,0.247,14,21,,,
16/01/21,28/12/21,Andamento,59257566,188,33.92,37.40,46.00,30/01/21,06/02/21,188,33.92,37.4,46,0.180,0.199,0.245,0.177,0.197,0.244,14,21,,,
17/01/21,28/12/21,Andamento,59257566,178,33.91,37.40,46.50,31/01/21,07/02/21,178,33.91,37.4,46.5,0.191,0.210,0.261,0.179,0.199,0.246,14,21,,,
18/01/21,28/12/21,Andamento,59257566,171,34.19,38.00,46.20,01/02/21,08/02/21,171,34.19,38,46.2,0.200,0.222,0.270,0.183,0.203,0.250,14,21,,,
19/01/21,28/12/21,Andamento,59257566,165,34.29,37.40,44.90,02/02/21,09/02/21,165,34.29,37.4,44.9,0.208,0.227,0.272,0.188,0.207,0.255,14,21,,,
20/01/21,28/12/21,Andamento,59257566,161,33.87,36.20,42.50,03/02/21,10/02/21,161,33.87,36.2,42.5,0.210,0.225,0.264,0.192,0.211,0.257,14,21,,,
21/01/21,28/12/21,Andamento,59257566,155,33.32,36.30,42.00,04/02/21,11/02/21,155,33.32,36.3,42,0.215,0.234,0.271,0.197,0.216,0.260,14,21,,,
22/01/21,28/12/21,Andamento,59257566,151,33.03,36.10,41.00,05/02/21,12/02/21,151,33.03,36.1,41,0.219,0.239,0.272,0.203,0.222,0.265,14,21,,,
23/01/21,28/12/21,Andamento,59257566,146,32.75,35.60,39.70,06/02/21,13/02/21,146,32.75,35.6,39.7,0.224,0.244,0.272,0.210,0.229,0.269,14,21,,,
24/01/21,28/12/21,Andamento,59257566,144,32.51,35.60,38.90,07/02/21,14/02/21,144,32.51,35.6,38.9,0.226,0.247,0.270,0.215,0.234,0.270,14,21,,,
25/01/21,28/12/21,Andamento,59257566,144,32.95,36.20,38.10,08/02/21,15/02/21,144,32.95,36.2,38.1,0.229,0.251,0.265,0.219,0.238,0.269,14,21,,,
26/01/21,28/12/21,Andamento,59257566,144,32.93,36.20,36.60,09/02/21,16/02/21,144,32.93,36.2,36.6,0.229,0.251,0.254,0.222,0.242,0.267,14,21,,,
27/01/21,28/12/21,Andamento,59257566,147,32.54,35.90,37.20,10/02/21,17/02/21,147,32.54,35.9,37.2,0.221,0.244,0.253,0.223,0.244,0.265,14,21,,,
28/01/21,28/12/21,Andamento,59257566,147,31.97,35.90,36.30,11/02/21,18/02/21,147,31.97,35.9,36.3,0.217,0.244,0.247,0.224,0.246,0.262,14,21,,,
29/01/21,28/12/21,Andamento,59257566,147,31.62,35.40,37.00,12/02/21,19/02/21,147,31.62,35.4,37,0.215,0.241,0.252,0.223,0.246,0.259,14,21,,,
30/01/21,28/12/21,Andamento,59257566,146,31.22,34.80,36.00,13/02/21,20/02/21,146,31.22,34.8,36,0.214,0.238,0.247,0.222,0.245,0.255,14,21,,,
31/01/21,28/12/21,Andamento,59257566,146,31.13,35.20,36.20,14/02/21,21/02/21,146,31.13,35.2,36.2,0.213,0.241,0.248,0.220,0.244,0.252,14,21,,,
01/02/21,28/12/21,Andamento,59257566,144,31.24,35.30,36.60,15/02/21,22/02/21,144,31.24,35.3,36.6,0.217,0.245,0.254,0.218,0.244,0.251,14,21,,,
02/02/21,28/12/21,Andamento,59257566,143,31.16,35.00,36.90,16/02/21,23/02/21,143,31.16,35,36.9,0.218,0.245,0.258,0.217,0.243,0.251,14,21,,,
03/02/21,28/12/21,Andamento,59257566,139,30.84,34.50,36.10,17/02/21,24/02/21,139,30.84,34.5,36.1,0.222,0.248,0.260,0.217,0.243,0.252,14,21,,,
04/02/21,28/12/21,Andamento,59257566,138,30.31,34.50,35.60,18/02/21,25/02/21,138,30.31,34.5,35.6,0.220,0.250,0.258,0.217,0.244,0.254,14,21,,,
05/02/21,28/12/21,Andamento,59257566,139,30.09,34.70,34.00,19/02/21,26/02/21,139,30.09,34.7,34,0.216,0.250,0.245,0.217,0.245,0.253,14,21,,,
06/02/21,28/12/21,Andamento,59257566,141,29.91,34.80,34.50,20/02/21,27/02/21,141,29.91,34.8,34.5,0.212,0.247,0.245,0.217,0.247,0.252,14,21,,,
07/02/21,28/12/21,Andamento,59257566,141,30.05,35.30,33.80,21/02/21,28/02/21,141,30.05,35.3,33.8,0.213,0.250,0.240,0.217,0.248,0.251,14,21,,,
08/02/21,28/12/21,Andamento,59257566,141,30.64,35.70,33.30,22/02/21,01/03/21,141,30.64,35.7,33.3,0.217,0.253,0.236,0.217,0.249,0.249,14,21,,,
09/02/21,28/12/21,Andamento,59257566,143,30.87,36.20,33.10,23/02/21,02/03/21,143,30.87,36.2,33.1,0.216,0.253,0.231,0.217,0.250,0.245,14,21,,,
10/02/21,28/12/21,Andamento,59257566,143,30.74,36.40,33.60,24/02/21,03/03/21,143,30.74,36.4,33.6,0.215,0.255,0.235,0.216,0.251,0.241,14,21,,,
11/02/21,28/12/21,Andamento,59257566,145,30.81,36.60,34.10,25/02/21,04/03/21,145,30.81,36.6,34.1,0.212,0.252,0.235,0.215,0.251,0.238,14,21,,,
12/02/21,28/12/21,Andamento,59257566,145,30.87,37.00,34.80,26/02/21,05/03/21,145,30.87,37,34.8,0.213,0.255,0.240,0.214,0.252,0.237,14,21,,,
13/02/21,28/12/21,Andamento,59257566,145,31,37.40,35.30,27/02/21,06/03/21,145,31,37.4,35.3,0.214,0.258,0.243,0.214,0.254,0.237,14,21,,,
14/02/21,28/12/21,Andamento,59257566,144,31.45,37.60,35.60,28/02/21,07/03/21,144,31.45,37.6,35.6,0.218,0.261,0.247,0.215,0.255,0.238,14,21,,,
15/02/21,28/12/21,Andamento,59257566,143,32.25,38.60,36.80,01/03/21,08/03/21,143,32.25,38.6,36.8,0.226,0.270,0.257,0.216,0.258,0.241,14,21,,,
16/02/21,28/12/21,Andamento,59257566,142,33.03,39.30,37.30,02/03/21,09/03/21,142,33.03,39.3,37.3,0.233,0.277,0.263,0.219,0.261,0.246,14,21,,,
17/02/21,28/12/21,Andamento,59257566,141,33.35,40.70,37.10,03/03/21,10/03/21,141,33.35,40.7,37.1,0.237,0.289,0.263,0.222,0.266,0.250,14,21,,,
18/02/21,28/12/21,Andamento,59257566,138,34.02,41.80,37.60,04/03/21,11/03/21,138,34.02,41.8,37.6,0.247,0.303,0.272,0.227,0.273,0.255,14,21,,,
19/02/21,28/12/21,Andamento,59257566,141,34.38,42.60,39.00,05/03/21,12/03/21,141,34.38,42.6,39,0.244,0.302,0.277,0.231,0.280,0.260,14,21,,,
20/02/21,28/12/21,Andamento,59257566,143,34.93,43.40,39.20,06/03/21,13/03/21,143,34.93,43.4,39.2,0.244,0.303,0.274,0.235,0.286,0.265,14,21,,,
21/02/21,28/12/21,Andamento,59257566,147,35.68,44.00,40.20,07/03/21,14/03/21,147,35.68,44,40.2,0.243,0.299,0.273,0.239,0.292,0.269,14,21,,,
22/02/21,28/12/21,Andamento,59257566,151,36.84,45.60,40.80,08/03/21,15/03/21,151,36.84,45.6,40.8,0.244,0.302,0.270,0.241,0.296,0.270,14,21,,,
23/02/21,28/12/21,Andamento,59257566,156,37.79,46.50,42.90,09/03/21,16/03/21,156,37.79,46.5,42.9,0.242,0.298,0.275,0.243,0.300,0.272,14,21,,,
24/02/21,28/12/21,Andamento,59257566,164,38.61,47.70,44.60,10/03/21,17/03/21,164,38.61,47.7,44.6,0.235,0.291,0.272,0.243,0.300,0.273,14,21,,,
25/02/21,28/12/21,Andamento,59257566,174,39.23,48.20,45.40,11/03/21,18/03/21,174,39.23,48.2,45.4,0.225,0.277,0.261,0.240,0.296,0.272,14,21,,,
26/02/21,28/12/21,Andamento,59257567,182,39.92,49.20,45.50,12/03/21,19/03/21,182,39.92,49.2,45.5,0.219,0.270,0.250,0.236,0.292,0.268,14,21,,,
27/02/21,28/12/21,Andamento,59257568,189,40.76,50.30,46.90,13/03/21,20/03/21,189,40.76,50.3,46.9,0.216,0.266,0.248,0.232,0.286,0.264,14,21,,,
28/02/21,28/12/21,Andamento,59257569,196,41.38,52.00,47.60,14/03/21,21/03/21,196,41.38,52,47.6,0.211,0.265,0.243,0.228,0.281,0.260,14,21,,,
01/03/21,28/12/21,Andamento,59257570,202,42.76,53.30,48.10,15/03/21,22/03/21,202,42.76,53.3,48.1,0.212,0.264,0.238,0.223,0.276,0.255,14,21,,,
02/03/21,28/12/21,Andamento,59257571,208,44.04,54.90,48.90,16/03/21,23/03/21,208,44.04,54.9,48.9,0.212,0.264,0.235,0.219,0.271,0.250,14,21,,,
03/03/21,28/12/21,Andamento,59257572,216,44.75,56.00,49.40,17/03/21,24/03/21,216,44.75,56,49.4,0.207,0.259,0.229,0.215,0.267,0.243,14,21,,,
04/03/21,28/12/21,Andamento,59257573,221,45.05,56.20,50.00,18/03/21,25/03/21,221,45.05,56.2,50,0.204,0.254,0.226,0.212,0.263,0.238,14,21,,,
05/03/21,28/12/21,Andamento,59257574,226,45.32,56.80,51.20,19/03/21,26/03/21,226,45.32,56.8,51.2,0.201,0.251,0.227,0.209,0.261,0.235,14,21,,,
06/03/21,28/12/21,Andamento,59257575,234,45.67,57.20,50.90,20/03/21,27/03/21,234,45.67,57.2,50.9,0.195,0.244,0.218,0.206,0.257,0.231,14,21,,,
07/03/21,28/12/21,Andamento,59257576,240,46.38,58.20,50.80,21/03/21,28/03/21,240,46.38,58.2,50.8,0.193,0.243,0.212,0.203,0.254,0.226,14,21,,,
08/03/21,28/12/21,Andamento,59257577,241,47.33,59.20,51.40,22/03/21,29/03/21,241,47.33,59.2,51.4,0.196,0.246,0.213,0.201,0.252,0.223,14,21,,,
09/03/21,28/12/21,Andamento,59257578,246,47.97,59.80,51.00,23/03/21,30/03/21,246,47.97,59.8,51,0.195,0.243,0.207,0.199,0.249,0.219,14,21,,,
10/03/21,28/12/21,Andamento,59257579,248,47.99,60.50,51.10,24/03/21,31/03/21,248,47.99,60.5,51.1,0.194,0.244,0.206,0.197,0.246,0.216,14,21,,,
11/03/21,28/12/21,Andamento,59257580,253,47.97,61.10,51.80,25/03/21,01/04/21,253,47.97,61.1,51.8,0.190,0.242,0.205,0.195,0.245,0.212,14,21,,,
12/03/21,28/12/21,Andamento,59257581,258,48.05,61.20,52.20,26/03/21,02/04/21,258,48.05,61.2,52.2,0.186,0.237,0.202,0.193,0.243,0.209,14,21,,,
13/03/21,28/12/21,Andamento,59257582,262,48.3,61.30,52.10,27/03/21,03/04/21,262,48.3,61.3,52.1,0.184,0.234,0.199,0.191,0.241,0.206,14,21,,,
14/03/21,28/12/21,Andamento,59257583,263,48.43,62.10,52.60,28/03/21,04/04/21,263,48.43,62.1,52.6,0.184,0.236,0.200,0.190,0.240,0.205,14,21,,,
15/03/21,28/12/21,Andamento,59257584,265,49.21,62.80,50.60,29/03/21,05/04/21,265,49.21,62.8,50.6,0.186,0.237,0.191,0.188,0.239,0.201,14,21,,,
16/03/21,28/12/21,Andamento,59257585,266,49.33,62.70,48.80,30/03/21,06/04/21,266,49.33,62.7,48.8,0.185,0.236,0.183,0.187,0.238,0.198,14,21,,,
17/03/21,28/12/21,Andamento,59257586,267,49.24,62.60,51.50,31/03/21,07/04/21,267,49.24,62.6,51.5,0.184,0.234,0.193,0.186,0.237,0.196,14,21,,,
18/03/21,28/12/21,Andamento,59257587,266,48.85,62.10,51.20,01/04/21,08/04/21,266,48.85,62.1,51.2,0.184,0.233,0.192,0.185,0.235,0.194,14,21,,,
19/03/21,28/12/21,Andamento,59257588,264,48.44,62.50,50.90,02/04/21,09/04/21,264,48.44,62.5,50.9,0.183,0.237,0.193,0.184,0.235,0.193,14,21,,,
20/03/21,28/12/21,Andamento,59257589,261,48.08,62.70,50.30,03/04/21,10/04/21,261,48.08,62.7,50.3,0.184,0.240,0.193,0.184,0.236,0.192,14,21,,,
21/03/21,28/12/21,Andamento,59257590,259,47.98,62.50,50.30,04/04/21,11/04/21,259,47.98,62.5,50.3,0.185,0.241,0.194,0.185,0.237,0.191,14,21,,,
22/03/21,28/12/21,Andamento,59257591,256,48.58,63.10,51.30,05/04/21,12/04/21,256,48.58,63.1,51.3,0.190,0.246,0.200,0.185,0.238,0.193,14,21,,,
23/03/21,28/12/21,Andamento,59257592,253,49.51,63.20,52.20,06/04/21,13/04/21,253,49.51,63.2,52.2,0.196,0.250,0.206,0.187,0.240,0.196,14,21,,,
24/03/21,28/12/21,Andamento,59257593,250,49.47,62.20,49.50,07/04/21,14/04/21,250,49.47,62.2,49.5,0.198,0.249,0.198,0.189,0.242,0.197,14,21,,,
25/03/21,28/12/21,Andamento,59257594,249,48.69,61.80,47.60,08/04/21,15/04/21,249,48.69,61.8,47.6,0.196,0.248,0.191,0.190,0.245,0.197,14,21,,,
26/03/21,28/12/21,Andamento,59257595,245,47.5,60.80,47.00,09/04/21,16/04/21,245,47.5,60.8,47,0.194,0.248,0.192,0.192,0.246,0.196,14,21,,,
27/03/21,28/12/21,Andamento,59257596,246,46.67,60.50,46.50,10/04/21,17/04/21,246,46.67,60.5,46.5,0.190,0.246,0.189,0.193,0.247,0.196,14,21,,,
28/03/21,28/12/21,Andamento,59257597,245,45.99,60.50,45.10,11/04/21,18/04/21,245,45.99,60.5,45.1,0.188,0.247,0.184,0.193,0.248,0.194,14,21,,,
29/03/21,28/12/21,Andamento,59257598,243,46.12,60.60,44.40,12/04/21,19/04/21,243,46.12,60.6,44.4,0.190,0.249,0.183,0.193,0.248,0.192,14,21,,,
30/03/21,28/12/21,Andamento,59257599,239,45.48,59.50,42.90,13/04/21,20/04/21,239,45.48,59.5,42.9,0.190,0.249,0.179,0.192,0.248,0.188,14,21,,,
31/03/21,28/12/21,Andamento,59257600,240,44.5,58.90,41.20,14/04/21,21/04/21,240,44.5,58.9,41.2,0.185,0.245,0.172,0.190,0.248,0.184,14,21,,,
01/04/21,28/12/21,Andamento,59257601,240,43.18,57.70,40.80,15/04/21,22/04/21,240,43.18,57.7,40.8,0.180,0.240,0.170,0.188,0.246,0.181,14,21,,,
02/04/21,28/12/21,Andamento,59257602,237,41.76,56.80,39.40,16/04/21,23/04/21,237,41.76,56.8,39.4,0.176,0.240,0.166,0.186,0.245,0.178,14,21,,,
03/04/21,28/12/21,Andamento,59257603,233,40.67,56.40,39.60,17/04/21,24/04/21,233,40.67,56.4,39.6,0.175,0.242,0.170,0.183,0.245,0.175,14,21,,,
04/04/21,28/12/21,Andamento,59257604,230,39.91,55.90,39.00,18/04/21,25/04/21,230,39.91,55.9,39,0.174,0.243,0.170,0.181,0.244,0.173,14,21,,,
05/04/21,28/12/21,Andamento,59257605,226,40.07,54.70,38.70,19/04/21,26/04/21,226,40.07,54.7,38.7,0.177,0.242,0.171,0.180,0.243,0.171,14,21,,,
06/04/21,28/12/21,Andamento,59257606,212,39.24,53.20,38.50,20/04/21,27/04/21,212,39.24,53.2,38.5,0.185,0.251,0.182,0.179,0.243,0.171,14,21,,,
07/04/21,28/12/21,Andamento,59257607,198,38.45,51.90,38.10,21/04/21,28/04/21,198,38.45,51.9,38.1,0.194,0.262,0.192,0.180,0.246,0.174,14,21,,,
08/04/21,28/12/21,Andamento,59257608,187,37.28,51.00,36.90,22/04/21,29/04/21,187,37.28,51,36.9,0.199,0.273,0.197,0.183,0.250,0.178,14,21,,,
09/04/21,28/12/21,Andamento,59257609,181,36.18,50.30,35.60,23/04/21,30/04/21,181,36.18,50.3,35.6,0.200,0.278,0.197,0.186,0.256,0.183,14,21,,,
10/04/21,28/12/21,Andamento,59257610,175,35.39,48.80,34.00,24/04/21,01/05/21,175,35.39,48.8,34,0.202,0.279,0.194,0.190,0.261,0.186,14,21,,,
11/04/21,28/12/21,Andamento,59257611,171,34.87,48.30,32.70,25/04/21,02/05/21,171,34.87,48.3,32.7,0.204,0.282,0.191,0.195,0.267,0.189,14,21,,,
12/04/21,28/12/21,Andamento,59257612,170,34.82,48.10,32.00,26/04/21,03/05/21,170,34.82,48.1,32,0.205,0.283,0.188,0.199,0.273,0.192,14,21,,,
13/04/21,28/12/21,Andamento,59257613,179,34.28,46.40,30.80,27/04/21,04/05/21,179,34.28,46.4,30.8,0.192,0.259,0.172,0.199,0.274,0.190,14,21,,,
14/04/21,28/12/21,Andamento,59257614,184,33.51,45.70,29.50,28/04/21,05/05/21,184,33.51,45.7,29.5,0.182,0.248,0.160,0.198,0.272,0.186,14,21,,,
15/04/21,28/12/21,Andamento,59257615,183,32.66,44.60,29.00,29/04/21,06/05/21,183,32.66,44.6,29,0.178,0.244,0.158,0.195,0.268,0.180,14,21,,,
16/04/21,28/12/21,Andamento,59257616,178,31.96,43.60,28.10,30/04/21,07/05/21,178,31.96,43.6,28.1,0.180,0.245,0.158,0.192,0.263,0.175,14,21,,,
17/04/21,28/12/21,Andamento,59257617,174,31.02,42.60,28.00,01/05/21,08/05/21,174,31.02,42.6,28,0.178,0.245,0.161,0.188,0.258,0.170,14,21,,,
18/04/21,28/12/21,Andamento,59257618,169,30.96,42.60,27.90,02/05/21,09/05/21,169,30.96,42.6,27.9,0.183,0.252,0.165,0.185,0.254,0.166,14,21,,,
19/04/21,28/12/21,Andamento,59257619,168,31.04,42.00,27.00,03/05/21,10/05/21,168,31.04,42,27,0.185,0.250,0.161,0.183,0.249,0.162,14,21,,,
20/04/21,28/12/21,Andamento,59257620,165,30.67,40.90,26.10,04/05/21,11/05/21,165,30.67,40.9,26.1,0.186,0.248,0.158,0.182,0.247,0.160,14,21,,,
21/04/21,28/12/21,Andamento,59257621,162,29.57,40.00,26.00,05/05/21,12/05/21,162,29.57,40,26,0.183,0.247,0.160,0.182,0.247,0.160,14,21,,,
22/04/21,28/12/21,Andamento,59257622,160,28.46,38.90,25.00,06/05/21,13/05/21,160,28.46,38.9,25,0.178,0.243,0.156,0.182,0.247,0.160,14,21,,,
23/04/21,28/12/21,Andamento,59257623,158,27.56,38.00,24.60,07/05/21,14/05/21,158,27.56,38,24.6,0.174,0.241,0.156,0.181,0.246,0.160,14,21,,,
24/04/21,28/12/21,Andamento,59257624,155,26.66,37.30,23.10,08/05/21,15/05/21,155,26.66,37.3,23.1,0.172,0.241,0.149,0.180,0.246,0.158,14,21,,,
25/04/21,28/12/21,Andamento,59257625,156,26.02,37.00,22.30,09/05/21,16/05/21,156,26.02,37,22.3,0.167,0.237,0.143,0.178,0.244,0.155,14,21,,,
26/04/21,28/12/21,Andamento,59257626,155,26.03,36.40,21.30,10/05/21,17/05/21,155,26.03,36.4,21.3,0.168,0.235,0.137,0.175,0.242,0.151,14,21,,,
27/04/21,28/12/21,Andamento,59257627,153,25.21,34.70,20.50,11/05/21,18/05/21,153,25.21,34.7,20.5,0.165,0.227,0.134,0.172,0.239,0.148,14,21,,,
28/04/21,28/12/21,Andamento,59257628,152,24.1,33.60,18.60,12/05/21,19/05/21,152,24.1,33.6,18.6,0.159,0.221,0.122,0.169,0.235,0.143,14,21,,,
29/04/21,28/12/21,Andamento,59257629,149,22.96,31.90,18.00,13/05/21,20/05/21,149,22.96,31.9,18,0.154,0.214,0.121,0.166,0.231,0.137,14,21,,,
30/04/21,28/12/21,Andamento,59257630,147,22.02,31.40,18.60,14/05/21,21/05/21,147,22.02,31.4,18.6,0.150,0.214,0.127,0.162,0.227,0.133,14,21,,,
01/05/21,28/12/21,Andamento,59257631,145,21.08,30.50,18.40,15/05/21,22/05/21,145,21.08,30.5,18.4,0.145,0.210,0.127,0.158,0.223,0.130,14,21,,,
02/05/21,28/12/21,Andamento,59257632,139,20.48,30.00,18.00,16/05/21,23/05/21,139,20.48,30,18,0.147,0.216,0.129,0.155,0.220,0.128,14,21,,,
03/05/21,28/12/21,Andamento,59257633,134,20.29,29.60,17.50,17/05/21,24/05/21,134,20.29,29.6,17.5,0.151,0.221,0.131,0.153,0.218,0.127,14,21,,,
04/05/21,28/12/21,Andamento,59257634,132,19.47,28.50,16.90,18/05/21,25/05/21,132,19.47,28.5,16.9,0.148,0.216,0.128,0.151,0.216,0.126,14,21,,,
05/05/21,28/12/21,Andamento,59257635,127,18.59,27.70,16.50,19/05/21,26/05/21,127,18.59,27.7,16.5,0.146,0.218,0.130,0.149,0.216,0.127,14,21,,,
06/05/21,28/12/21,Andamento,59257636,123,17.52,26.10,16.60,20/05/21,27/05/21,123,17.52,26.1,16.6,0.142,0.212,0.135,0.147,0.215,0.129,14,21,,,
07/05/21,28/12/21,Andamento,59257637,118,16.75,24.80,15.00,21/05/21,28/05/21,118,16.75,24.8,15,0.142,0.210,0.127,0.146,0.215,0.130,14,21,,,
08/05/21,28/12/21,Andamento,59257638,114,16.01,24.10,14.30,22/05/21,29/05/21,114,16.01,24.1,14.3,0.140,0.211,0.125,0.145,0.215,0.129,14,21,,,
09/05/21,28/12/21,Andamento,59257639,112,15.46,23.80,13.90,23/05/21,30/05/21,112,15.46,23.8,13.9,0.138,0.213,0.124,0.144,0.214,0.129,14,21,,,
10/05/21,28/12/21,Andamento,59257640,111,15.1,23.30,13.40,24/05/21,31/05/21,111,15.1,23.3,13.4,0.136,0.210,0.121,0.142,0.213,0.127,14,21,,,
11/05/21,28/12/21,Andamento,59257641,107,14.44,22.30,12.20,25/05/21,01/06/21,107,14.44,22.3,12.2,0.135,0.208,0.114,0.140,0.212,0.125,14,21,,,
12/05/21,28/12/21,Andamento,59257642,102,13.7,21.60,11.20,26/05/21,02/06/21,102,13.7,21.6,11.2,0.134,0.212,0.110,0.138,0.211,0.122,14,21,,,
13/05/21,28/12/21,Andamento,59257643,96,13.01,20.40,9.30,27/05/21,03/06/21,96,13.01,20.4,9.3,0.136,0.213,0.097,0.137,0.211,0.117,14,21,,,
14/05/21,28/12/21,Andamento,59257644,91,12.14,19.30,8.40,28/05/21,04/06/21,91,12.14,19.3,8.4,0.133,0.212,0.092,0.136,0.211,0.112,14,21,,,
15/05/21,28/12/21,Andamento,59257645,85,11.48,18.50,7.90,29/05/21,05/06/21,85,11.48,18.5,7.9,0.135,0.218,0.093,0.135,0.212,0.107,14,21,,,
16/05/21,28/12/21,Andamento,59257646,81,11.12,17.90,8.00,30/05/21,06/06/21,81,11.12,17.9,8,0.137,0.221,0.099,0.135,0.213,0.104,14,21,,,
17/05/21,28/12/21,Andamento,59257647,78,10.94,17.40,7.80,31/05/21,07/06/21,78,10.94,17.4,7.8,0.140,0.223,0.100,0.136,0.215,0.101,14,21,,,
18/05/21,28/12/21,Andamento,59257648,74,10.45,16.70,7.90,01/06/21,08/06/21,74,10.45,16.7,7.9,0.141,0.226,0.107,0.137,0.218,0.100,14,21,,,
19/05/21,28/12/21,Andamento,59257649,70,9.89,15.70,8.20,02/06/21,09/06/21,70,9.89,15.7,8.2,0.141,0.224,0.117,0.138,0.219,0.101,14,21,,,
20/05/21,28/12/21,Andamento,59257650,66,9.65,15.10,8.70,03/06/21,10/06/21,66,9.65,15.1,8.7,0.146,0.229,0.132,0.139,0.222,0.106,14,21,,,
21/05/21,28/12/21,Andamento,59257651,62,9.26,14.10,8.60,04/06/21,11/06/21,62,9.26,14.1,8.6,0.149,0.227,0.139,0.142,0.224,0.112,14,21,,,
22/05/21,28/12/21,Andamento,59257652,58.8,8.76,13.30,8.50,05/06/21,12/06/21,58.8,8.76,13.3,8.5,0.149,0.226,0.145,0.144,0.225,0.120,14,21,,,
23/05/21,28/12/21,Andamento,59257653,55.8,8.38,13.10,8.10,06/06/21,13/06/21,55.8,8.38,13.1,8.1,0.150,0.235,0.145,0.145,0.227,0.126,14,21,,,
24/05/21,28/12/21,Andamento,59257654,54.2,8.29,12.80,7.60,07/06/21,14/06/21,54.2,8.29,12.8,7.6,0.153,0.236,0.140,0.147,0.229,0.132,14,21,,,
25/05/21,28/12/21,Andamento,59257655,52.1,7.91,11.60,6.90,08/06/21,15/06/21,52.1,7.91,11.6,6.9,0.152,0.223,0.132,0.149,0.229,0.136,14,21,,,
26/05/21,28/12/21,Andamento,59257656,49.5,7.39,11.20,6.50,09/06/21,16/06/21,49.5,7.39,11.2,6.5,0.149,0.226,0.131,0.150,0.229,0.138,14,21,,,
27/05/21,28/12/21,Andamento,59257657,46.8,7.01,10.60,5.70,10/06/21,17/06/21,46.8,7.01,10.6,5.7,0.150,0.226,0.122,0.150,0.229,0.136,14,21,,,
28/05/21,28/12/21,Andamento,59257658,44.3,6.54,10.10,5.10,11/06/21,18/06/21,44.3,6.54,10.1,5.1,0.148,0.228,0.115,0.150,0.229,0.133,14,21,,,
29/05/21,28/12/21,Andamento,59257659,42,6.17,9.70,4.70,12/06/21,19/06/21,42,6.17,9.7,4.7,0.147,0.231,0.112,0.150,0.229,0.128,14,21,,,
30/05/21,28/12/21,Andamento,59257660,40.2,5.98,9.50,4.50,13/06/21,20/06/21,40.2,5.98,9.5,4.5,0.149,0.236,0.112,0.150,0.230,0.124,14,21,,,
31/05/21,28/12/21,Andamento,59257661,39.1,5.85,9.00,4.30,14/06/21,21/06/21,39.1,5.85,9,4.3,0.150,0.230,0.110,0.149,0.229,0.119,14,21,,,
01/06/21,28/12/21,Andamento,59257662,37.8,5.62,8.50,3.70,15/06/21,22/06/21,37.8,5.62,8.5,3.7,0.149,0.225,0.098,0.149,0.229,0.114,14,21,,,
02/06/21,28/12/21,Andamento,59257663,36.1,5.17,7.90,3.10,16/06/21,23/06/21,36.1,5.17,7.9,3.1,0.143,0.219,0.086,0.148,0.228,0.108,14,21,,,
03/06/21,28/12/21,Andamento,59257664,32.4,4.87,7.50,2.90,17/06/21,24/06/21,32.4,4.87,7.5,2.9,0.150,0.231,0.090,0.148,0.229,0.103,14,21,,,
04/06/21,28/12/21,Andamento,59257665,30.4,4.52,7.00,3.30,18/06/21,25/06/21,30.4,4.52,7,3.3,0.149,0.230,0.109,0.148,0.229,0.102,14,21,,,
05/06/21,28/12/21,Andamento,59257666,28.8,4.23,6.60,3.50,19/06/21,26/06/21,28.8,4.23,6.6,3.5,0.147,0.229,0.122,0.148,0.229,0.104,14,21,,,
06/06/21,28/12/21,Andamento,59257667,27.7,4.12,6.60,3.40,20/06/21,27/06/21,27.7,4.12,6.6,3.4,0.149,0.238,0.123,0.148,0.229,0.105,14,21,,,
07/06/21,28/12/21,Andamento,59257668,26.8,4.03,6.50,3.50,21/06/21,28/06/21,26.8,4.03,6.5,3.5,0.150,0.243,0.131,0.148,0.231,0.108,14,21,,,
08/06/21,28/12/21,Andamento,59257669,25.8,3.86,6.10,3.70,22/06/21,29/06/21,25.8,3.86,6.1,3.7,0.150,0.236,0.143,0.148,0.232,0.115,14,21,,,
09/06/21,28/12/21,Andamento,59257670,24.6,3.61,5.80,3.90,23/06/21,30/06/21,24.6,3.61,5.8,3.9,0.147,0.236,0.159,0.149,0.235,0.125,14,21,,,
10/06/21,28/12/21,Andamento,59257671,24.8,3.42,5.50,3.80,24/06/21,01/07/21,24.8,3.42,5.5,3.8,0.138,0.222,0.153,0.147,0.233,0.134,14,21,,,
11/06/21,28/12/21,Andamento,59257672,23.7,3.2,5.20,3.30,25/06/21,02/07/21,23.7,3.2,5.2,3.3,0.135,0.219,0.139,0.145,0.232,0.138,14,21,,,
12/06/21,28/12/21,Andamento,59257673,22.5,2.99,5.00,3.00,26/06/21,03/07/21,22.5,2.99,5,3,0.133,0.222,0.133,0.143,0.231,0.140,14,21,,,
13/06/21,28/12/21,Andamento,59257674,21,2.94,5.00,3.00,27/06/21,04/07/21,21,2.94,5,3,0.140,0.238,0.143,0.142,0.231,0.143,14,21,,,
14/06/21,28/12/21,Andamento,59257675,20.4,2.91,4.90,3.00,28/06/21,05/07/21,20.4,2.91,4.9,3,0.143,0.240,0.147,0.141,0.231,0.145,14,21,,,
15/06/21,28/12/21,Andamento,59257676,19.3,2.83,4.60,2.70,29/06/21,06/07/21,19.3,2.83,4.6,2.7,0.147,0.238,0.140,0.140,0.231,0.145,14,21,,,
16/06/21,28/12/21,Andamento,59257677,17.9,2.69,4.20,2.60,30/06/21,07/07/21,17.9,2.69,4.2,2.6,0.150,0.235,0.145,0.141,0.231,0.143,14,21,,,
17/06/21,28/12/21,Andamento,59257678,16.7,2.59,3.90,2.40,01/07/21,08/07/21,16.7,2.59,3.9,2.4,0.155,0.234,0.144,0.143,0.232,0.142,14,21,,,
18/06/21,28/12/21,Andamento,59257679,15.4,2.48,3.60,2.40,02/07/21,09/07/21,15.4,2.48,3.6,2.4,0.161,0.234,0.156,0.147,0.234,0.144,14,21,,,
19/06/21,28/12/21,Andamento,59257680,14.5,2.35,3.40,2.20,03/07/21,10/07/21,14.5,2.35,3.4,2.2,0.162,0.234,0.152,0.151,0.236,0.147,14,21,,,
20/06/21,28/12/21,Andamento,59257681,13.7,2.3,3.30,2.10,04/07/21,11/07/21,13.7,2.3,3.3,2.1,0.168,0.241,0.153,0.155,0.237,0.148,14,21,,,
21/06/21,28/12/21,Andamento,59257682,13,2.26,3.20,1.80,05/07/21,12/07/21,13,2.26,3.2,1.8,0.174,0.246,0.138,0.160,0.237,0.147,14,21,,,
22/06/21,28/12/21,Andamento,59257683,12.2,2.14,3.20,1.80,06/07/21,13/07/21,12.2,2.14,3.2,1.8,0.175,0.262,0.148,0.164,0.241,0.148,14,21,,,
23/06/21,28/12/21,Andamento,59257684,11.5,2.08,3.00,1.90,07/07/21,14/07/21,11.5,2.08,3,1.9,0.181,0.261,0.165,0.168,0.245,0.151,14,21,,,
24/06/21,28/12/21,Andamento,59257685,10.8,2.02,3.00,1.80,08/07/21,15/07/21,10.8,2.02,3,1.8,0.187,0.278,0.167,0.173,0.251,0.154,14,21,,,
25/06/21,28/12/21,Andamento,59257686,10.2,1.97,2.90,1.60,09/07/21,16/07/21,10.2,1.97,2.9,1.6,0.193,0.284,0.157,0.177,0.258,0.154,14,21,,,
26/06/21,28/12/21,Andamento,59257687,9.5,1.94,2.70,1.60,10/07/21,17/07/21,9.5,1.94,2.7,1.6,0.204,0.284,0.168,0.183,0.265,0.157,14,21,,,
27/06/21,28/12/21,Andamento,59257688,9.4,1.91,2.70,1.60,11/07/21,18/07/21,9.4,1.91,2.7,1.6,0.203,0.287,0.170,0.188,0.272,0.159,14,21,,,
28/06/21,28/12/21,Andamento,59257689,9.2,1.94,2.70,1.50,12/07/21,19/07/21,9.2,1.94,2.7,1.5,0.211,0.293,0.163,0.194,0.279,0.163,14,21,,,
29/06/21,28/12/21,Andamento,59257690,9,1.9,2.60,1.30,13/07/21,20/07/21,9,1.9,2.6,1.3,0.211,0.289,0.144,0.199,0.282,0.162,14,21,,,
30/06/21,28/12/21,Andamento,59257691,8.7,1.87,2.50,1.20,14/07/21,21/07/21,8.7,1.87,2.5,1.2,0.215,0.287,0.138,0.203,0.286,0.158,14,21,,,
01/07/21,28/12/21,Andamento,59257692,8.6,1.84,2.60,1.40,15/07/21,22/07/21,8.6,1.84,2.6,1.4,0.214,0.302,0.163,0.207,0.290,0.158,14,21,,,
02/07/21,28/12/21,Andamento,59257693,8.7,1.84,2.70,1.50,16/07/21,23/07/21,8.7,1.84,2.7,1.5,0.211,0.310,0.172,0.210,0.293,0.160,14,21,,,
03/07/21,28/12/21,Andamento,59257694,8.8,1.87,2.70,1.30,17/07/21,24/07/21,8.8,1.87,2.7,1.3,0.213,0.307,0.148,0.211,0.297,0.157,14,21,,,
04/07/21,28/12/21,Andamento,59257695,8.9,1.92,2.60,1.40,18/07/21,25/07/21,8.9,1.92,2.6,1.4,0.216,0.292,0.157,0.213,0.297,0.155,14,21,,,
05/07/21,28/12/21,Andamento,59257696,9,2,2.70,1.60,19/07/21,26/07/21,9,2,2.7,1.6,0.222,0.300,0.178,0.215,0.298,0.157,14,21,,,
06/07/21,28/12/21,Andamento,59257697,9.4,2.01,2.80,1.90,20/07/21,27/07/21,9.4,2.01,2.8,1.9,0.214,0.298,0.202,0.215,0.300,0.165,14,21,,,
07/07/21,28/12/21,Andamento,59257698,9.8,2.02,2.70,1.80,21/07/21,28/07/21,9.8,2.02,2.7,1.8,0.206,0.276,0.184,0.214,0.298,0.172,14,21,,,
08/07/21,28/12/21,Andamento,59257699,10.7,2.08,2.70,1.80,22/07/21,29/07/21,10.7,2.08,2.7,1.8,0.194,0.252,0.168,0.211,0.291,0.173,14,21,,,
09/07/21,28/12/21,Andamento,59257700,11.7,2.2,2.60,1.90,23/07/21,30/07/21,11.7,2.2,2.6,1.9,0.188,0.222,0.162,0.208,0.278,0.171,14,21,,,
10/07/21,28/12/21,Andamento,59257701,12.4,2.26,2.90,2.00,24/07/21,31/07/21,12.4,2.26,2.9,2,0.182,0.234,0.161,0.203,0.268,0.173,14,21,,,
11/07/21,28/12/21,Andamento,59257702,13.4,2.35,3.00,2.00,25/07/21,01/08/21,13.4,2.35,3,2,0.175,0.224,0.149,0.197,0.258,0.172,14,21,,,
12/07/21,28/12/21,Andamento,59257703,14.1,2.55,3.10,2.00,26/07/21,02/08/21,14.1,2.55,3.1,2,0.181,0.220,0.142,0.192,0.247,0.167,14,21,,,
13/07/21,28/12/21,Andamento,59257704,15.2,2.72,3.20,2.00,27/07/21,03/08/21,15.2,2.72,3.2,2,0.179,0.211,0.132,0.187,0.234,0.157,14,21,,,
14/07/21,28/12/21,Andamento,59257705,17.1,2.84,3.10,2.10,28/07/21,04/08/21,17.1,2.84,3.1,2.1,0.166,0.181,0.123,0.181,0.221,0.148,14,21,,,
15/07/21,28/12/21,Andamento,59257706,18.9,2.92,3.30,2.30,29/07/21,05/08/21,18.9,2.92,3.3,2.3,0.154,0.175,0.122,0.175,0.209,0.142,14,21,,,
16/07/21,28/12/21,Andamento,59257707,21.4,3.06,3.40,2.40,30/07/21,06/08/21,21.4,3.06,3.4,2.4,0.143,0.159,0.112,0.169,0.200,0.134,14,21,,,
17/07/21,28/12/21,Andamento,59257708,24.3,3.12,3.60,2.50,31/07/21,07/08/21,24.3,3.12,3.6,2.5,0.128,0.148,0.103,0.161,0.188,0.126,14,21,,,
18/07/21,28/12/21,Andamento,59257709,27.3,3.3,3.90,2.60,01/08/21,08/08/21,27.3,3.3,3.9,2.6,0.121,0.143,0.095,0.153,0.177,0.118,14,21,,,
19/07/21,28/12/21,Andamento,59257710,29.3,3.49,4.20,2.60,02/08/21,09/08/21,29.3,3.49,4.2,2.6,0.119,0.143,0.089,0.144,0.166,0.111,14,21,,,
20/07/21,28/12/21,Andamento,59257711,32.7,3.71,4.40,2.70,03/08/21,10/08/21,32.7,3.71,4.4,2.7,0.113,0.135,0.083,0.135,0.155,0.104,14,21,,,
21/07/21,28/12/21,Andamento,59257712,36.2,3.9,4.40,2.80,04/08/21,11/08/21,36.2,3.9,4.4,2.8,0.108,0.122,0.077,0.127,0.146,0.097,14,21,,,
22/07/21,28/12/21,Andamento,59257713,40.6,4.07,4.50,2.90,05/08/21,12/08/21,40.6,4.07,4.5,2.9,0.100,0.111,0.071,0.119,0.137,0.090,14,21,,,
23/07/21,28/12/21,Andamento,59257714,44.4,4.13,4.70,3.20,06/08/21,13/08/21,44.4,4.13,4.7,3.2,0.093,0.106,0.072,0.112,0.130,0.084,14,21,,,
24/07/21,28/12/21,Andamento,59257715,47.8,4.27,4.90,3.40,07/08/21,14/08/21,47.8,4.27,4.9,3.4,0.089,0.103,0.071,0.106,0.123,0.080,14,21,,,
25/07/21,28/12/21,Andamento,59257716,50.6,4.44,5.00,3.60,08/08/21,15/08/21,50.6,4.44,5,3.6,0.088,0.099,0.071,0.102,0.117,0.076,14,21,,,
26/07/21,28/12/21,Andamento,59257717,52.3,4.7,5.50,3.60,09/08/21,16/08/21,52.3,4.7,5.5,3.6,0.090,0.105,0.069,0.097,0.111,0.074,14,21,,,
27/07/21,28/12/21,Andamento,59257718,53.9,4.86,5.40,4.00,10/08/21,17/08/21,53.9,4.86,5.4,4,0.090,0.100,0.074,0.094,0.106,0.072,14,21,,,
28/07/21,28/12/21,Andamento,59257719,56.4,4.97,5.70,4.60,11/08/21,18/08/21,56.4,4.97,5.7,4.6,0.088,0.101,0.082,0.091,0.103,0.073,14,21,,,
29/07/21,28/12/21,Andamento,59257720,58.2,5.02,5.90,5.10,12/08/21,19/08/21,58.2,5.02,5.9,5.1,0.086,0.101,0.088,0.089,0.102,0.075,14,21,,,
30/07/21,28/12/21,Andamento,59257721,60.7,5.12,6.20,5.10,13/08/21,20/08/21,60.7,5.12,6.2,5.1,0.084,0.102,0.084,0.088,0.102,0.077,14,21,,,
31/07/21,28/12/21,Andamento,59257722,63,5.23,6.30,5.30,14/08/21,21/08/21,63,5.23,6.3,5.3,0.083,0.100,0.084,0.087,0.101,0.079,14,21,,,
01/08/21,28/12/21,Andamento,59257723,64,5.34,6.50,5.40,15/08/21,22/08/21,64,5.34,6.5,5.4,0.083,0.102,0.084,0.086,0.102,0.081,14,21,,,
02/08/21,28/12/21,Andamento,59257724,64.1,5.63,6.80,5.70,16/08/21,23/08/21,64.1,5.63,6.8,5.7,0.088,0.106,0.089,0.086,0.102,0.084,14,21,,,
03/08/21,28/12/21,Andamento,59257725,64.7,5.86,7.10,5.80,17/08/21,24/08/21,64.7,5.86,7.1,5.8,0.091,0.110,0.090,0.086,0.103,0.086,14,21,,,
04/08/21,28/12/21,Andamento,59257726,66.2,6.01,7.50,5.70,18/08/21,25/08/21,66.2,6.01,7.5,5.7,0.091,0.113,0.086,0.087,0.105,0.086,14,21,,,
05/08/21,28/12/21,Andamento,59257727,68,6.12,7.80,5.50,19/08/21,26/08/21,68,6.12,7.8,5.5,0.090,0.115,0.081,0.087,0.107,0.085,14,21,,,
06/08/21,28/12/21,Andamento,59257728,68,6.23,7.70,5.40,20/08/21,27/08/21,68,6.23,7.7,5.4,0.092,0.113,0.079,0.088,0.108,0.085,14,21,,,
07/08/21,28/12/21,Andamento,59257729,68.6,6.3,7.90,5.50,21/08/21,28/08/21,68.6,6.3,7.9,5.5,0.092,0.115,0.080,0.089,0.111,0.084,14,21,,,
08/08/21,28/12/21,Andamento,59257730,69.3,6.36,8.00,5.80,22/08/21,29/08/21,69.3,6.36,8,5.8,0.092,0.115,0.084,0.091,0.113,0.084,14,21,,,
09/08/21,28/12/21,Andamento,59257731,71,6.63,8.20,5.90,23/08/21,30/08/21,71,6.63,8.2,5.9,0.093,0.115,0.083,0.091,0.114,0.083,14,21,,,
10/08/21,28/12/21,Andamento,59257732,72.3,6.81,8.50,6.20,24/08/21,31/08/21,72.3,6.81,8.5,6.2,0.094,0.118,0.086,0.092,0.115,0.083,14,21,,,
11/08/21,28/12/21,Andamento,59257733,72.9,6.79,8.40,6.30,25/08/21,01/09/21,72.9,6.79,8.4,6.3,0.093,0.115,0.086,0.092,0.115,0.083,14,21,,,
12/08/21,28/12/21,Andamento,59257734,73,6.85,8.50,6.70,26/08/21,02/09/21,73,6.85,8.5,6.7,0.094,0.116,0.092,0.093,0.116,0.084,14,21,,,
13/08/21,28/12/21,Andamento,59257735,74.3,6.94,8.60,6.90,27/08/21,03/09/21,74.3,6.94,8.6,6.9,0.093,0.116,0.093,0.093,0.116,0.086,14,21,,,
14/08/21,28/12/21,Andamento,59257736,74.8,6.94,8.60,6.90,28/08/21,04/09/21,74.8,6.94,8.6,6.9,0.093,0.115,0.092,0.093,0.116,0.088,14,21,,,
15/08/21,28/12/21,Andamento,59257737,74.7,6.97,8.90,7.10,29/08/21,05/09/21,74.7,6.97,8.9,7.1,0.093,0.119,0.095,0.093,0.116,0.090,14,21,,,
16/08/21,28/12/21,Andamento,59257738,73.8,7.2,9.20,7.10,30/08/21,06/09/21,73.8,7.2,9.2,7.1,0.098,0.125,0.096,0.094,0.118,0.091,14,21,,,
17/08/21,28/12/21,Andamento,59257739,73.3,7.18,9.20,7.00,31/08/21,07/09/21,73.3,7.18,9.2,7,0.098,0.126,0.095,0.095,0.119,0.093,14,21,,,
18/08/21,28/12/21,Andamento,59257740,73.6,7.14,9.10,7.00,01/09/21,08/09/21,73.6,7.14,9.1,7,0.097,0.124,0.095,0.095,0.120,0.094,14,21,,,
19/08/21,28/12/21,Andamento,59257741,73.5,7.1,9.40,7.00,02/09/21,09/09/21,73.5,7.1,9.4,7,0.097,0.128,0.095,0.096,0.122,0.095,14,21,,,
20/08/21,28/12/21,Andamento,59257742,73.2,7.03,9.40,7.10,03/09/21,10/09/21,73.2,7.03,9.4,7.1,0.096,0.128,0.097,0.096,0.123,0.095,14,21,,,
21/08/21,28/12/21,Andamento,59257743,73.7,7.09,9.60,7.10,04/09/21,11/09/21,73.7,7.09,9.6,7.1,0.096,0.130,0.096,0.096,0.126,0.096,14,21,,,
22/08/21,28/12/21,Andamento,59257744,74.2,7.11,9.70,6.80,05/09/21,12/09/21,74.2,7.11,9.7,6.8,0.096,0.131,0.092,0.097,0.127,0.095,14,21,,,
23/08/21,28/12/21,Andamento,59257745,75,7.26,9.60,6.50,06/09/21,13/09/21,75,7.26,9.6,6.5,0.097,0.128,0.087,0.097,0.128,0.094,14,21,,,
24/08/21,28/12/21,Andamento,59257746,76.4,7.27,9.50,6.60,07/09/21,14/09/21,76.4,7.27,9.5,6.6,0.095,0.124,0.086,0.096,0.128,0.093,14,21,,,
25/08/21,28/12/21,Andamento,59257747,77,7.15,9.50,6.60,08/09/21,15/09/21,77,7.15,9.5,6.6,0.093,0.123,0.086,0.096,0.128,0.091,14,21,,,
26/08/21,28/12/21,Andamento,59257748,77,7.14,9.40,6.80,09/09/21,16/09/21,77,7.14,9.4,6.8,0.093,0.122,0.088,0.095,0.127,0.090,14,21,,,
27/08/21,28/12/21,Andamento,59257749,78,7.03,9.20,6.80,10/09/21,17/09/21,78,7.03,9.2,6.8,0.090,0.118,0.087,0.094,0.125,0.089,14,21,,,
28/08/21,28/12/21,Andamento,59257750,76.9,6.95,9.20,6.70,11/09/21,18/09/21,76.9,6.95,9.2,6.7,0.090,0.120,0.087,0.093,0.124,0.088,14,21,,,
29/08/21,28/12/21,Andamento,59257751,77,6.94,9.40,6.60,12/09/21,19/09/21,77,6.94,9.4,6.6,0.090,0.122,0.086,0.093,0.122,0.087,14,21,,,
30/08/21,28/12/21,Andamento,59257752,77.1,7.09,9.50,6.70,13/09/21,20/09/21,77.1,7.09,9.5,6.7,0.092,0.123,0.087,0.092,0.122,0.087,14,21,,,
31/08/21,28/12/21,Andamento,59257753,76.2,7.03,9.30,6.60,14/09/21,21/09/21,76.2,7.03,9.3,6.6,0.092,0.122,0.087,0.091,0.121,0.087,14,21,,,
01/09/21,28/12/21,Andamento,59257754,74.4,6.97,9.10,6.50,15/09/21,22/09/21,74.4,6.97,9.1,6.5,0.094,0.122,0.087,0.092,0.121,0.087,14,21,,,
02/09/21,28/12/21,Andamento,59257755,73.6,6.78,9.00,6.50,16/09/21,23/09/21,73.6,6.78,9,6.5,0.092,0.122,0.088,0.092,0.121,0.087,14,21,,,
03/09/21,28/12/21,Andamento,59257756,71.8,6.73,8.90,6.20,17/09/21,24/09/21,71.8,6.73,8.9,6.2,0.094,0.124,0.086,0.092,0.122,0.087,14,21,,,
04/09/21,28/12/21,Andamento,59257757,70.6,6.68,8.80,6.20,18/09/21,25/09/21,70.6,6.68,8.8,6.2,0.095,0.125,0.088,0.093,0.123,0.087,14,21,,,
05/09/21,28/12/21,Andamento,59257758,69.5,6.63,8.90,6.50,19/09/21,26/09/21,69.5,6.63,8.9,6.5,0.095,0.128,0.094,0.093,0.124,0.088,14,21,,,
06/09/21,28/12/21,Andamento,59257759,68,6.72,8.80,6.50,20/09/21,27/09/21,68,6.72,8.8,6.5,0.099,0.129,0.096,0.094,0.125,0.089,14,21,,,
07/09/21,28/12/21,Andamento,59257760,66.7,6.64,8.70,6.50,21/09/21,28/09/21,66.7,6.64,8.7,6.5,0.100,0.130,0.097,0.095,0.126,0.091,14,21,,,
08/09/21,28/12/21,Andamento,59257761,65.7,6.41,8.70,6.40,22/09/21,29/09/21,65.7,6.41,8.7,6.4,0.098,0.132,0.097,0.096,0.127,0.092,14,21,,,
09/09/21,28/12/21,Andamento,59257762,63.6,6.16,8.50,6.20,23/09/21,30/09/21,63.6,6.16,8.5,6.2,0.097,0.134,0.097,0.097,0.129,0.094,14,21,,,
10/09/21,28/12/21,Andamento,59257763,61.7,6,8.30,6.20,24/09/21,01/10/21,61.7,6,8.3,6.2,0.097,0.135,0.100,0.097,0.130,0.096,14,21,,,
11/09/21,28/12/21,Andamento,59257764,60.1,5.9,8.10,5.80,25/09/21,02/10/21,60.1,5.9,8.1,5.8,0.098,0.135,0.097,0.098,0.132,0.097,14,21,,,
12/09/21,28/12/21,Andamento,59257765,59,5.8,8.20,5.60,26/09/21,03/10/21,59,5.8,8.2,5.6,0.098,0.139,0.095,0.098,0.133,0.097,14,21,,,
13/09/21,28/12/21,Andamento,59257766,58.1,5.88,8.20,5.50,27/09/21,04/10/21,58.1,5.88,8.2,5.5,0.101,0.141,0.095,0.098,0.135,0.097,14,21,,,
14/09/21,28/12/21,Andamento,59257767,56.9,5.77,7.70,5.20,28/09/21,05/10/21,56.9,5.77,7.7,5.2,0.101,0.135,0.091,0.099,0.136,0.096,14,21,,,
15/09/21,28/12/21,Andamento,59257768,55,5.6,7.60,4.80,29/09/21,06/10/21,55,5.6,7.6,4.8,0.102,0.138,0.087,0.099,0.137,0.095,14,21,,,
16/09/21,28/12/21,Andamento,59257769,54.4,5.4,7.40,4.70,30/09/21,07/10/21,54.4,5.4,7.4,4.7,0.099,0.136,0.086,0.100,0.137,0.093,14,21,,,
17/09/21,28/12/21,Andamento,59257770,52.6,5.26,7.20,4.30,01/10/21,08/10/21,52.6,5.26,7.2,4.3,0.100,0.137,0.082,0.100,0.137,0.090,14,21,,,
18/09/21,28/12/21,Andamento,59257771,51.5,5.16,7.30,4.70,02/10/21,09/10/21,51.5,5.16,7.3,4.7,0.100,0.142,0.091,0.100,0.138,0.090,14,21,,,
19/09/21,28/12/21,Andamento,59257772,50.1,5.05,7.30,4.60,03/10/21,10/10/21,50.1,5.05,7.3,4.6,0.101,0.146,0.092,0.101,0.139,0.089,14,21,,,
20/09/21,28/12/21,Andamento,59257773,49.5,5.12,7.40,4.50,04/10/21,11/10/21,49.5,5.12,7.4,4.5,0.103,0.149,0.091,0.101,0.140,0.089,14,21,,,
21/09/21,28/12/21,Andamento,59257774,48.4,5.01,7.30,4.50,05/10/21,12/10/21,48.4,5.01,7.3,4.5,0.104,0.151,0.093,0.101,0.143,0.089,14,21,,,
22/09/21,28/12/21,Andamento,59257775,46.9,4.85,7.00,4.50,06/10/21,13/10/21,46.9,4.85,7,4.5,0.103,0.149,0.096,0.102,0.144,0.090,14,21,,,
23/09/21,28/12/21,Andamento,59257776,45.1,4.77,6.80,4.40,07/10/21,14/10/21,45.1,4.77,6.8,4.4,0.106,0.151,0.098,0.102,0.146,0.092,14,21,,,
24/09/21,28/12/21,Andamento,59257777,43.9,4.63,6.50,4.60,08/10/21,15/10/21,43.9,4.63,6.5,4.6,0.105,0.148,0.105,0.103,0.148,0.095,14,21,,,
25/09/21,28/12/21,Andamento,59257778,42.1,4.54,6.20,4.10,09/10/21,16/10/21,42.1,4.54,6.2,4.1,0.108,0.147,0.097,0.104,0.149,0.096,14,21,,,
26/09/21,28/12/21,Andamento,59257779,40.8,4.47,6.10,4.10,10/10/21,17/10/21,40.8,4.47,6.1,4.1,0.110,0.150,0.100,0.106,0.149,0.097,14,21,,,
27/09/21,28/12/21,Andamento,59257780,39.7,4.54,6.30,4.20,11/10/21,18/10/21,39.7,4.54,6.3,4.2,0.114,0.159,0.106,0.107,0.151,0.099,14,21,,,
28/09/21,28/12/21,Andamento,59257781,39.1,4.5,6.20,4.60,12/10/21,19/10/21,39.1,4.5,6.2,4.6,0.115,0.159,0.118,0.109,0.152,0.103,14,21,,,
29/09/21,28/12/21,Andamento,59257782,37.8,4.31,6.20,4.50,13/10/21,20/10/21,37.8,4.31,6.2,4.5,0.114,0.164,0.119,0.110,0.154,0.106,14,21,,,
30/09/21,28/12/21,Andamento,59257783,37.4,4.18,6.10,4.40,14/10/21,21/10/21,37.4,4.18,6.1,4.4,0.112,0.163,0.118,0.111,0.156,0.109,14,21,,,
01/10/21,28/12/21,Andamento,59257784,36.7,4.13,6.00,4.40,15/10/21,22/10/21,36.7,4.13,6,4.4,0.113,0.163,0.120,0.112,0.158,0.111,14,21,,,
02/10/21,28/12/21,Andamento,59257785,36.4,4,5.90,4.80,16/10/21,23/10/21,36.4,4,5.9,4.8,0.110,0.162,0.132,0.112,0.160,0.116,14,21,,,
03/10/21,28/12/21,Andamento,59257786,36.2,4.03,5.90,4.80,17/10/21,24/10/21,36.2,4.03,5.9,4.8,0.111,0.163,0.133,0.113,0.162,0.121,14,21,,,
04/10/21,28/12/21,Andamento,59257787,35.9,4.1,6.00,4.60,18/10/21,25/10/21,35.9,4.1,6,4.6,0.114,0.167,0.128,0.113,0.163,0.124,14,21,,,
05/10/21,28/12/21,Andamento,59257788,35,4.09,6.00,4.20,19/10/21,26/10/21,35,4.09,6,4.2,0.117,0.171,0.120,0.113,0.165,0.124,14,21,,,
06/10/21,28/12/21,Andamento,59257789,35.1,4.16,6.00,4.50,20/10/21,27/10/21,35.1,4.16,6,4.5,0.119,0.171,0.128,0.114,0.166,0.125,14,21,,,
07/10/21,28/12/21,Andamento,59257790,33.6,4.12,6.00,4.70,21/10/21,28/10/21,33.6,4.12,6,4.7,0.123,0.179,0.140,0.115,0.168,0.129,14,21,,,
08/10/21,28/12/21,Andamento,59257791,33,4.12,5.80,4.60,22/10/21,29/10/21,33,4.12,5.8,4.6,0.125,0.176,0.139,0.117,0.170,0.131,14,21,,,
09/10/21,28/12/21,Andamento,59257792,32,4.14,5.70,4.60,23/10/21,30/10/21,32,4.14,5.7,4.6,0.129,0.178,0.144,0.120,0.172,0.133,14,21,,,
10/10/21,28/12/21,Andamento,59257793,30.9,4.17,5.80,4.60,24/10/21,31/10/21,30.9,4.17,5.8,4.6,0.135,0.188,0.149,0.123,0.176,0.135,14,21,,,
11/10/21,28/12/21,Andamento,59257794,30.7,4.35,5.70,4.50,25/10/21,01/11/21,30.7,4.35,5.7,4.5,0.142,0.186,0.147,0.127,0.178,0.138,14,21,,,
12/10/21,28/12/21,Andamento,59257795,30.7,4.39,5.80,4.30,26/10/21,02/11/21,30.7,4.39,5.8,4.3,0.143,0.189,0.140,0.131,0.181,0.141,14,21,,,
13/10/21,28/12/21,Andamento,59257796,30,4.41,5.80,4.60,27/10/21,03/11/21,30,4.41,5.8,4.6,0.147,0.193,0.153,0.135,0.184,0.145,14,21,,,
14/10/21,28/12/21,Andamento,59257797,29.5,4.4,5.90,4.70,28/10/21,04/11/21,29.5,4.4,5.9,4.7,0.149,0.200,0.159,0.139,0.187,0.147,14,21,,,
15/10/21,28/12/21,Andamento,59257798,29,4.49,5.90,5.00,29/10/21,05/11/21,29,4.49,5.9,5,0.155,0.203,0.172,0.143,0.191,0.152,14,21,,,
16/10/21,28/12/21,Andamento,59257799,29.4,4.57,5.80,4.90,30/10/21,06/11/21,29.4,4.57,5.8,4.9,0.155,0.197,0.167,0.147,0.194,0.155,14,21,,,
17/10/21,28/12/21,Andamento,59257800,29.7,4.65,5.80,4.80,31/10/21,07/11/21,29.7,4.65,5.8,4.8,0.157,0.195,0.162,0.150,0.195,0.157,14,21,,,
18/10/21,28/12/21,Andamento,59257801,29.8,4.83,6.10,5.10,01/11/21,08/11/21,29.8,4.83,6.1,5.1,0.162,0.205,0.171,0.153,0.198,0.161,14,21,,,
19/10/21,28/12/21,Andamento,59257802,30.2,5.05,6.50,5.60,02/11/21,09/11/21,30.2,5.05,6.5,5.6,0.167,0.215,0.185,0.156,0.201,0.167,14,21,,,
20/10/21,28/12/21,Andamento,59257803,31.8,5.11,6.40,5.50,03/11/21,10/11/21,31.8,5.11,6.4,5.5,0.161,0.201,0.173,0.158,0.202,0.170,14,21,,,
21/10/21,28/12/21,Andamento,59257804,33.7,5.14,6.50,5.70,04/11/21,11/11/21,33.7,5.14,6.5,5.7,0.153,0.193,0.169,0.158,0.201,0.171,14,21,,,
22/10/21,28/12/21,Andamento,59257805,35.6,5.27,6.70,5.90,05/11/21,12/11/21,35.6,5.27,6.7,5.9,0.148,0.188,0.166,0.158,0.199,0.170,14,21,,,
23/10/21,28/12/21,Andamento,59257806,37.2,5.35,6.60,6.30,06/11/21,13/11/21,37.2,5.35,6.6,6.3,0.144,0.177,0.169,0.156,0.196,0.171,14,21,,,
24/10/21,28/12/21,Andamento,59257807,39.4,5.43,6.70,6.60,07/11/21,14/11/21,39.4,5.43,6.7,6.6,0.138,0.170,0.168,0.153,0.193,0.172,14,21,,,
25/10/21,28/12/21,Andamento,59257808,40.9,5.67,7.00,6.70,08/11/21,15/11/21,40.9,5.67,7,6.7,0.139,0.171,0.164,0.150,0.188,0.171,14,21,,,
26/10/21,28/12/21,Andamento,59257809,43.2,5.8,7.10,6.80,09/11/21,16/11/21,43.2,5.8,7.1,6.8,0.134,0.164,0.157,0.145,0.181,0.167,14,21,,,
27/10/21,28/12/21,Andamento,59257810,44.7,5.82,7.10,7.00,10/11/21,17/11/21,44.7,5.82,7.1,7,0.130,0.159,0.157,0.141,0.175,0.164,14,21,,,
28/10/21,28/12/21,Andamento,59257811,46.5,5.92,7.10,7.00,11/11/21,18/11/21,46.5,5.92,7.1,7,0.127,0.153,0.151,0.137,0.169,0.162,14,21,,,
29/10/21,28/12/21,Andamento,59257812,49,5.95,7.50,6.70,12/11/21,19/11/21,49,5.95,7.5,6.7,0.121,0.153,0.137,0.133,0.164,0.157,14,21,,,
30/10/21,28/12/21,Andamento,59257813,50.7,6.07,7.60,6.60,13/11/21,20/11/21,50.7,6.07,7.6,6.6,0.120,0.150,0.130,0.130,0.160,0.152,14,21,,,
31/10/21,28/12/21,Andamento,59257814,52,6.15,7.70,6.80,14/11/21,21/11/21,52,6.15,7.7,6.8,0.118,0.148,0.131,0.127,0.157,0.147,14,21,,,
01/11/21,28/12/21,Andamento,59257815,52.5,6.43,8.00,7.20,15/11/21,22/11/21,52.5,6.43,8,7.2,0.122,0.152,0.137,0.125,0.154,0.143,14,21,,,
02/11/21,28/12/21,Andamento,59257816,50.5,6.7,8.10,7.40,16/11/21,23/11/21,50.5,6.7,8.1,7.4,0.133,0.160,0.147,0.125,0.154,0.141,14,21,,,
03/11/21,28/12/21,Andamento,59257817,51.5,6.85,8.20,7.60,17/11/21,24/11/21,51.5,6.85,8.2,7.6,0.133,0.159,0.148,0.125,0.154,0.140,14,21,,,
04/11/21,28/12/21,Andamento,59257818,53.3,6.9,8.50,7.60,18/11/21,25/11/21,53.3,6.9,8.5,7.6,0.129,0.159,0.143,0.125,0.155,0.139,14,21,,,
05/11/21,28/12/21,Andamento,59257819,55.7,6.99,8.60,7.70,19/11/21,26/11/21,55.7,6.99,8.6,7.7,0.125,0.154,0.138,0.126,0.155,0.139,14,21,,,
06/11/21,28/12/21,Andamento,59257820,59,7.17,8.60,8.40,20/11/21,27/11/21,59,7.17,8.6,8.4,0.122,0.146,0.142,0.126,0.154,0.141,14,21,,,
07/11/21,28/12/21,Andamento,59257821,61.9,7.33,8.80,8.40,21/11/21,28/11/21,61.9,7.33,8.8,8.4,0.118,0.142,0.136,0.126,0.153,0.141,14,21,,,
08/11/21,28/12/21,Andamento,59257822,64.3,7.61,9.30,8.30,22/11/21,29/11/21,64.3,7.61,9.3,8.3,0.118,0.145,0.129,0.126,0.152,0.140,14,21,,,
09/11/21,28/12/21,Andamento,59257823,69.6,7.76,9.50,8.40,23/11/21,30/11/21,69.6,7.76,9.5,8.4,0.111,0.136,0.121,0.123,0.149,0.137,14,21,,,
10/11/21,28/12/21,Andamento,59257824,74.2,7.81,9.70,8.70,24/11/21,01/12/21,74.2,7.81,9.7,8.7,0.105,0.131,0.117,0.119,0.145,0.132,14,21,,,
11/11/21,28/12/21,Andamento,59257825,78.6,7.91,9.90,8.70,25/11/21,02/12/21,78.6,7.91,9.9,8.7,0.101,0.126,0.111,0.114,0.140,0.128,14,21,,,
12/11/21,28/12/21,Andamento,59257826,81.8,8.01,10.20,9.10,26/11/21,03/12/21,81.8,8.01,10.2,9.1,0.098,0.125,0.111,0.111,0.136,0.124,14,21,,,
13/11/21,28/12/21,Andamento,59257827,84.7,8.14,10.50,8.90,27/11/21,04/12/21,84.7,8.14,10.5,8.9,0.096,0.124,0.105,0.107,0.133,0.119,14,21,,,
14/11/21,28/12/21,Andamento,59257828,86.9,8.38,10.80,8.80,28/11/21,05/12/21,86.9,8.38,10.8,8.8,0.096,0.124,0.101,0.104,0.130,0.114,14,21,,,
15/11/21,28/12/21,Andamento,59257829,88.5,8.67,11.30,9.20,29/11/21,06/12/21,88.5,8.67,11.3,9.2,0.098,0.128,0.104,0.101,0.128,0.110,14,21,,,
16/11/21,28/12/21,Andamento,59257830,91.3,8.82,11.50,9.40,30/11/21,07/12/21,91.3,8.82,11.5,9.4,0.097,0.126,0.103,0.099,0.126,0.107,14,21,,,
17/11/21,28/12/21,Andamento,59257831,95.2,8.86,11.60,9.10,01/12/21,08/12/21,95.2,8.86,11.6,9.1,0.093,0.122,0.096,0.097,0.125,0.104,14,21,,,
18/11/21,28/12/21,Andamento,59257832,98.6,8.94,11.80,9.20,02/12/21,09/12/21,98.6,8.94,11.8,9.2,0.091,0.120,0.093,0.096,0.124,0.102,14,21,,,
19/11/21,28/12/21,Andamento,59257833,101.8,9.09,11.90,10.00,03/12/21,10/12/21,101.8,9.09,11.9,10,0.089,0.117,0.098,0.094,0.123,0.100,14,21,,,
20/11/21,28/12/21,Andamento,59257834,106.8,9.16,12.40,10.30,04/12/21,11/12/21,106.8,9.16,12.4,10.3,0.086,0.116,0.096,0.093,0.122,0.099,14,21,,,
21/11/21,28/12/21,Andamento,59257835,110.4,9.45,12.40,10.70,05/12/21,12/12/21,110.4,9.45,12.4,10.7,0.086,0.112,0.097,0.091,0.120,0.098,14,21,,,
22/11/21,28/12/21,Andamento,59257836,112.5,9.92,12.50,10.80,06/12/21,13/12/21,112.5,9.92,12.5,10.8,0.088,0.111,0.096,0.090,0.118,0.097,14,21,,,
23/11/21,28/12/21,Andamento,59257837,116.5,10.26,13.10,11.20,07/12/21,14/12/21,116.5,10.26,13.1,11.2,0.088,0.112,0.096,0.089,0.116,0.096,14,21,,,
24/11/21,28/12/21,Andamento,59257838,120.3,10.29,13.30,11.90,08/12/21,15/12/21,120.3,10.29,13.3,11.9,0.086,0.111,0.099,0.088,0.114,0.097,14,21,,,
25/11/21,28/12/21,Andamento,59257839,125.6,10.69,13.70,12.70,09/12/21,16/12/21,125.6,10.69,13.7,12.7,0.085,0.109,0.101,0.087,0.113,0.098,14,21,,,
26/11/21,28/12/21,Andamento,59257840,130.9,10.94,13.80,12.70,10/12/21,17/12/21,130.9,10.94,13.8,12.7,0.084,0.105,0.097,0.086,0.111,0.098,14,21,,,
27/11/21,28/12/21,Andamento,59257841,133.2,11.03,13.80,13.10,11/12/21,18/12/21,133.2,11.03,13.8,13.1,0.083,0.104,0.098,0.086,0.109,0.098,14,21,,,
28/11/21,28/12/21,Andamento,59257842,138.6,11.3,14.00,13.70,12/12/21,19/12/21,138.6,11.3,14,13.7,0.082,0.101,0.099,0.085,0.108,0.098,14,21,,,
29/11/21,28/12/21,Andamento,59257843,141.2,11.73,14.40,14.30,13/12/21,20/12/21,141.2,11.73,14.4,14.3,0.083,0.102,0.101,0.084,0.106,0.099,14,21,,,
30/11/21,28/12/21,Andamento,59257844,145.8,12.09,14.60,14.90,14/12/21,21/12/21,145.8,12.09,14.6,14.9,0.083,0.100,0.102,0.084,0.105,0.100,14,21,,,
01/12/21,28/12/21,Andamento,59257845,150.3,12.33,14.70,15.20,15/12/21,22/12/21,150.3,12.33,14.7,15.2,0.082,0.098,0.101,0.083,0.103,0.100,14,21,,,
02/12/21,28/12/21,Andamento,59257846,155.4,12.38,15.50,15.90,16/12/21,23/12/21,155.4,12.38,15.5,15.9,0.080,0.100,0.102,0.082,0.101,0.100,14,21,,,
03/12/21,28/12/21,Andamento,59257847,161,12.69,15.60,16.30,17/12/21,24/12/21,161,12.69,15.6,16.3,0.079,0.097,0.101,0.082,0.100,0.101,14,21,,,
04/12/21,28/12/21,Andamento,59257848,167.3,12.78,16.10,16.60,18/12/21,25/12/21,167.3,12.78,16.1,16.6,0.076,0.096,0.099,0.081,0.099,0.101,14,21,,,
05/12/21,28/12/21,Andamento,59257849,170.9,13.04,16.30,16.40,19/12/21,26/12/21,170.9,13.04,16.3,16.4,0.076,0.095,0.096,0.080,0.098,0.100,14,21,,,
06/12/21,28/12/21,Andamento,59257850,173.4,13.67,16.70,16.50,20/12/21,27/12/21,173.4,13.67,16.7,16.5,0.079,0.096,0.095,0.079,0.097,0.100,14,21,,,
07/12/21,28/12/21,Andamento,59257851,178.5,14.14,17.10,17.30,21/12/21,28/12/21,178.5,14.14,17.1,17.3,0.079,0.096,0.097,0.079,0.097,0.099,14,21,,,
08/12/21,28/12/21,Andamento,59257852,183.3,14.42,17.00,,22/12/21,,183.3,14.42,17,,0.079,0.093,,0.078,0.096,0.098,14,21,,,
09/12/21,28/12/21,Andamento,59257853,176.1,14.72,17.30,,23/12/21,,176.1,14.72,17.3,,0.084,0.098,,0.079,0.096,0.098,14,21,,,
10/12/21,28/12/21,Andamento,59257854,182,14.87,17.50,,24/12/21,,182,14.87,17.5,,0.082,0.096,,0.079,0.096,0.097,14,21,,,
11/12/21,28/12/21,Andamento,59257855,189.4,15.01,18.10,,25/12/21,,189.4,15.01,18.1,,0.079,0.096,,0.080,0.096,0.096,14,21,,,
12/12/21,28/12/21,Andamento,59257856,196.5,15.56,18.40,,26/12/21,,196.5,15.56,18.4,,0.079,0.094,,0.080,0.095,0.096,14,21,,,
13/12/21,28/12/21,Andamento,59257857,201.9,16.41,19.00,,27/12/21,,201.9,16.41,19,,0.081,0.094,,0.080,0.095,0.097,14,21,,,
14/12/21,28/12/21,Andamento,59257858,210.3,17.03,19.30,,28/12/21,,210.3,17.03,19.3,,0.081,0.092,,0.081,0.095,,14,21,,,
15/12/21,28/12/21,Andamento,59257859,219.2,,,,,,219.2,,,,,,,0.081,0.095,,14,21,,,
16/12/21,28/12/21,Andamento,59257860,242.1,,,,,,242.1,,,,,,,0.080,0.094,,14,21,,,
17/12/21,28/12/21,Andamento,59257861,255.9,,,,,,255.9,,,,,,,0.080,0.094,,14,21,,,
18/12/21,28/12/21,Andamento,59257862,267.7,,,,,,267.7,,,,,,,0.080,0.093,,14,21,,,
19/12/21,28/12/21,Andamento,59257863,276.2,,,,,,276.2,,,,,,,0.081,0.093,,14,21,,,
20/12/21,28/12/21,Andamento,59257864,282.1,,,,,,282.1,,,,,,,0.081,0.092,,14,21,,,
21/12/21,28/12/21,Andamento,59257865,299.1,,,,,,299.1,,,,,,,,,,14,21,,,
22/12/21,28/12/21,Andamento,59257866,321.2,,,,,,321.2,,,,,,,,,,14,21,,,
23/12/21,28/12/21,Andamento,59257867,352.4,,,,,,352.4,,,,,,,,,,14,21,,,
24/12/21,28/12/21,Andamento,59257868,389.4,,,,,,389.4,,,,,,,,,,14,21,,,
25/12/21,28/12/21,Andamento,59257869,434.5,,,,,,434.5,,,,,,,,,,14,21,,,
26/12/21,28/12/21,Andamento,59257870,435.6,,,,,,435.6,,,,,,,,,,14,21,,,
27/12/21,28/12/21,Andamento,59257871,460.2,,,,,,460.2,,,,,,,,,,14,21,,,
28/12/21,28/12/21,Andamento,59257872,540.4,,,,,,540.4,,,,,,,,,,14,21,,,
,,,,,,,,,,,,,,,,,,,,,,,,
28/12/20,28/12/21,Rapporti,59257566,,,,,11/01/21,18/01/21,157,39.83,44.6,56.5,0.254,0.284,0.360,,,,14,21,,,
29/12/20,28/12/21,Rapporti,59257566,,,,,12/01/21,19/01/21,154,40.02,44.5,56.3,0.260,0.289,0.366,,,,14,21,,,
30/12/20,28/12/21,Rapporti,59257566,,,,,13/01/21,20/01/21,156,39.7,43.5,56.6,0.254,0.279,0.363,,,,14,21,,,
31/12/20,28/12/21,Rapporti,59257566,,,,,14/01/21,21/01/21,166,39,43.2,56.6,0.235,0.260,0.341,,,,14,21,,,
01/01/21,28/12/21,Rapporti,59257566,,,,,15/01/21,22/01/21,171,38.55,42.6,56.5,0.225,0.249,0.330,,,,14,21,,,
02/01/21,28/12/21,Rapporti,59257566,,,,,16/01/21,23/01/21,174,38.45,42.5,56.7,0.221,0.244,0.326,,,,14,21,,,
03/01/21,28/12/21,Rapporti,59257566,,0.237,0.262,0.341,17/01/21,24/01/21,183,38.4,42.2,55.4,0.210,0.231,0.303,0.237,0.262,0.341,14,21,,,
04/01/21,28/12/21,Rapporti,59257566,,0.230,0.255,0.333,18/01/21,25/01/21,186,38.62,42.9,56.1,0.208,0.231,0.302,0.230,0.255,0.333,14,21,,,
05/01/21,28/12/21,Rapporti,59257566,,0.222,0.244,0.321,19/01/21,26/01/21,193,38.31,42,55.1,0.198,0.218,0.285,0.222,0.244,0.321,14,21,,,
06/01/21,28/12/21,Rapporti,59257566,,0.212,0.234,0.308,20/01/21,27/01/21,201,37.92,41.5,54.1,0.189,0.206,0.269,0.212,0.234,0.308,14,21,,,
07/01/21,28/12/21,Rapporti,59257566,,0.206,0.227,0.299,21/01/21,28/01/21,192,37.2,40.8,53.6,0.194,0.213,0.279,0.206,0.227,0.299,14,21,,,
08/01/21,28/12/21,Rapporti,59257566,,0.203,0.223,0.294,22/01/21,29/01/21,184,36.6,40.3,53.7,0.199,0.219,0.292,0.203,0.223,0.294,14,21,,,
09/01/21,28/12/21,Rapporti,59257566,,0.197,0.217,0.285,23/01/21,30/01/21,198,36.12,40.3,52.6,0.182,0.204,0.266,0.197,0.217,0.285,14,21,,,
10/01/21,28/12/21,Rapporti,59257566,,0.192,0.212,0.278,24/01/21,31/01/21,205,35.96,40.5,51.6,0.175,0.198,0.252,0.192,0.212,0.278,14,21,,,
11/01/21,28/12/21,Rapporti,59257566,,0.187,0.208,0.269,25/01/21,01/02/21,208,36.15,40.9,50,0.174,0.197,0.240,0.187,0.208,0.269,14,21,,,
12/01/21,28/12/21,Rapporti,59257566,,0.184,0.204,0.262,26/01/21,02/02/21,206,36.04,40,49.3,0.175,0.194,0.239,0.184,0.204,0.262,14,21,,,
13/01/21,28/12/21,Rapporti,59257566,,0.183,0.203,0.260,27/01/21,03/02/21,198,35.71,39.7,49.4,0.180,0.201,0.249,0.183,0.203,0.260,14,21,,,
14/01/21,28/12/21,Rapporti,59257566,,0.181,0.201,0.255,28/01/21,04/02/21,197,35.06,38.6,48.3,0.178,0.196,0.245,0.181,0.201,0.255,14,21,,,
15/01/21,28/12/21,Rapporti,59257566,,0.177,0.198,0.247,29/01/21,05/02/21,194,34.42,38.3,46.6,0.177,0.197,0.240,0.177,0.198,0.247,14,21,,,
16/01/21,28/12/21,Rapporti,59257566,,0.177,0.197,0.244,30/01/21,06/02/21,188,33.92,37.4,46,0.180,0.199,0.245,0.177,0.197,0.244,14,21,,,
17/01/21,28/12/21,Rapporti,59257566,,0.179,0.199,0.246,31/01/21,07/02/21,178,33.91,37.4,46.5,0.191,0.210,0.261,0.179,0.199,0.246,14,21,,,
18/01/21,28/12/21,Rapporti,59257566,,0.183,0.203,0.250,01/02/21,08/02/21,171,34.19,38,46.2,0.200,0.222,0.270,0.183,0.203,0.250,14,21,,,
19/01/21,28/12/21,Rapporti,59257566,,0.188,0.207,0.255,02/02/21,09/02/21,165,34.29,37.4,44.9,0.208,0.227,0.272,0.188,0.207,0.255,14,21,,,
20/01/21,28/12/21,Rapporti,59257566,,0.192,0.211,0.257,03/02/21,10/02/21,161,33.87,36.2,42.5,0.210,0.225,0.264,0.192,0.211,0.257,14,21,,,
21/01/21,28/12/21,Rapporti,59257566,,0.197,0.216,0.260,04/02/21,11/02/21,155,33.32,36.3,42,0.215,0.234,0.271,0.197,0.216,0.260,14,21,,,
22/01/21,28/12/21,Rapporti,59257566,,0.203,0.222,0.265,05/02/21,12/02/21,151,33.03,36.1,41,0.219,0.239,0.272,0.203,0.222,0.265,14,21,,,
23/01/21,28/12/21,Rapporti,59257566,,0.210,0.229,0.269,06/02/21,13/02/21,146,32.75,35.6,39.7,0.224,0.244,0.272,0.210,0.229,0.269,14,21,,,
24/01/21,28/12/21,Rapporti,59257566,,0.215,0.234,0.270,07/02/21,14/02/21,144,32.51,35.6,38.9,0.226,0.247,0.270,0.215,0.234,0.270,14,21,,,
25/01/21,28/12/21,Rapporti,59257566,,0.219,0.238,0.269,08/02/21,15/02/21,144,32.95,36.2,38.1,0.229,0.251,0.265,0.219,0.238,0.269,14,21,,,
26/01/21,28/12/21,Rapporti,59257566,,0.222,0.242,0.267,09/02/21,16/02/21,144,32.93,36.2,36.6,0.229,0.251,0.254,0.222,0.242,0.267,14,21,,,
27/01/21,28/12/21,Rapporti,59257566,,0.223,0.244,0.265,10/02/21,17/02/21,147,32.54,35.9,37.2,0.221,0.244,0.253,0.223,0.244,0.265,14,21,,,
28/01/21,28/12/21,Rapporti,59257566,,0.224,0.246,0.262,11/02/21,18/02/21,147,31.97,35.9,36.3,0.217,0.244,0.247,0.224,0.246,0.262,14,21,,,
29/01/21,28/12/21,Rapporti,59257566,,0.223,0.246,0.259,12/02/21,19/02/21,147,31.62,35.4,37,0.215,0.241,0.252,0.223,0.246,0.259,14,21,,,
30/01/21,28/12/21,Rapporti,59257566,,0.222,0.245,0.255,13/02/21,20/02/21,146,31.22,34.8,36,0.214,0.238,0.247,0.222,0.245,0.255,14,21,,,
31/01/21,28/12/21,Rapporti,59257566,,0.220,0.244,0.252,14/02/21,21/02/21,146,31.13,35.2,36.2,0.213,0.241,0.248,0.220,0.244,0.252,14,21,,,
01/02/21,28/12/21,Rapporti,59257566,,0.218,0.244,0.251,15/02/21,22/02/21,144,31.24,35.3,36.6,0.217,0.245,0.254,0.218,0.244,0.251,14,21,,,
02/02/21,28/12/21,Rapporti,59257566,,0.217,0.243,0.251,16/02/21,23/02/21,143,31.16,35,36.9,0.218,0.245,0.258,0.217,0.243,0.251,14,21,,,
03/02/21,28/12/21,Rapporti,59257566,,0.217,0.243,0.252,17/02/21,24/02/21,139,30.84,34.5,36.1,0.222,0.248,0.260,0.217,0.243,0.252,14,21,,,
04/02/21,28/12/21,Rapporti,59257566,,0.217,0.244,0.254,18/02/21,25/02/21,138,30.31,34.5,35.6,0.220,0.250,0.258,0.217,0.244,0.254,14,21,,,
05/02/21,28/12/21,Rapporti,59257566,,0.217,0.245,0.253,19/02/21,26/02/21,139,30.09,34.7,34,0.216,0.250,0.245,0.217,0.245,0.253,14,21,,,
06/02/21,28/12/21,Rapporti,59257566,,0.217,0.247,0.252,20/02/21,27/02/21,141,29.91,34.8,34.5,0.212,0.247,0.245,0.217,0.247,0.252,14,21,,,
07/02/21,28/12/21,Rapporti,59257566,,0.217,0.248,0.251,21/02/21,28/02/21,141,30.05,35.3,33.8,0.213,0.250,0.240,0.217,0.248,0.251,14,21,,,
08/02/21,28/12/21,Rapporti,59257566,,0.217,0.249,0.249,22/02/21,01/03/21,141,30.64,35.7,33.3,0.217,0.253,0.236,0.217,0.249,0.249,14,21,,,
09/02/21,28/12/21,Rapporti,59257566,,0.217,0.250,0.245,23/02/21,02/03/21,143,30.87,36.2,33.1,0.216,0.253,0.231,0.217,0.250,0.245,14,21,,,
10/02/21,28/12/21,Rapporti,59257566,,0.216,0.251,0.241,24/02/21,03/03/21,143,30.74,36.4,33.6,0.215,0.255,0.235,0.216,0.251,0.241,14,21,,,
11/02/21,28/12/21,Rapporti,59257566,,0.215,0.251,0.238,25/02/21,04/03/21,145,30.81,36.6,34.1,0.212,0.252,0.235,0.215,0.251,0.238,14,21,,,
12/02/21,28/12/21,Rapporti,59257566,,0.214,0.252,0.237,26/02/21,05/03/21,145,30.87,37,34.8,0.213,0.255,0.240,0.214,0.252,0.237,14,21,,,
13/02/21,28/12/21,Rapporti,59257566,,0.214,0.254,0.237,27/02/21,06/03/21,145,31,37.4,35.3,0.214,0.258,0.243,0.214,0.254,0.237,14,21,,,
14/02/21,28/12/21,Rapporti,59257566,,0.215,0.255,0.238,28/02/21,07/03/21,144,31.45,37.6,35.6,0.218,0.261,0.247,0.215,0.255,0.238,14,21,,,
15/02/21,28/12/21,Rapporti,59257566,,0.216,0.258,0.241,01/03/21,08/03/21,143,32.25,38.6,36.8,0.226,0.270,0.257,0.216,0.258,0.241,14,21,,,
16/02/21,28/12/21,Rapporti,59257566,,0.219,0.261,0.246,02/03/21,09/03/21,142,33.03,39.3,37.3,0.233,0.277,0.263,0.219,0.261,0.246,14,21,,,
17/02/21,28/12/21,Rapporti,59257566,,0.222,0.266,0.250,03/03/21,10/03/21,141,33.35,40.7,37.1,0.237,0.289,0.263,0.222,0.266,0.250,14,21,,,
18/02/21,28/12/21,Rapporti,59257566,,0.227,0.273,0.255,04/03/21,11/03/21,138,34.02,41.8,37.6,0.247,0.303,0.272,0.227,0.273,0.255,14,21,,,
19/02/21,28/12/21,Rapporti,59257566,,0.231,0.280,0.260,05/03/21,12/03/21,141,34.38,42.6,39,0.244,0.302,0.277,0.231,0.280,0.260,14,21,,,
20/02/21,28/12/21,Rapporti,59257566,,0.235,0.286,0.265,06/03/21,13/03/21,143,34.93,43.4,39.2,0.244,0.303,0.274,0.235,0.286,0.265,14,21,,,
21/02/21,28/12/21,Rapporti,59257566,,0.239,0.292,0.269,07/03/21,14/03/21,147,35.68,44,40.2,0.243,0.299,0.273,0.239,0.292,0.269,14,21,,,
22/02/21,28/12/21,Rapporti,59257566,,0.241,0.296,0.270,08/03/21,15/03/21,151,36.84,45.6,40.8,0.244,0.302,0.270,0.241,0.296,0.270,14,21,,,
23/02/21,28/12/21,Rapporti,59257566,,0.243,0.300,0.272,09/03/21,16/03/21,156,37.79,46.5,42.9,0.242,0.298,0.275,0.243,0.300,0.272,14,21,,,
24/02/21,28/12/21,Rapporti,59257566,,0.243,0.300,0.273,10/03/21,17/03/21,164,38.61,47.7,44.6,0.235,0.291,0.272,0.243,0.300,0.273,14,21,,,
25/02/21,28/12/21,Rapporti,59257566,,0.240,0.296,0.272,11/03/21,18/03/21,174,39.23,48.2,45.4,0.225,0.277,0.261,0.240,0.296,0.272,14,21,,,
26/02/21,28/12/21,Rapporti,59257567,,0.236,0.292,0.268,12/03/21,19/03/21,182,39.92,49.2,45.5,0.219,0.270,0.250,0.236,0.292,0.268,14,21,,,
27/02/21,28/12/21,Rapporti,59257568,,0.232,0.286,0.264,13/03/21,20/03/21,189,40.76,50.3,46.9,0.216,0.266,0.248,0.232,0.286,0.264,14,21,,,
28/02/21,28/12/21,Rapporti,59257569,,0.228,0.281,0.260,14/03/21,21/03/21,196,41.38,52,47.6,0.211,0.265,0.243,0.228,0.281,0.260,14,21,,,
01/03/21,28/12/21,Rapporti,59257570,,0.223,0.276,0.255,15/03/21,22/03/21,202,42.76,53.3,48.1,0.212,0.264,0.238,0.223,0.276,0.255,14,21,,,
02/03/21,28/12/21,Rapporti,59257571,,0.219,0.271,0.250,16/03/21,23/03/21,208,44.04,54.9,48.9,0.212,0.264,0.235,0.219,0.271,0.250,14,21,,,
03/03/21,28/12/21,Rapporti,59257572,,0.215,0.267,0.243,17/03/21,24/03/21,216,44.75,56,49.4,0.207,0.259,0.229,0.215,0.267,0.243,14,21,,,
04/03/21,28/12/21,Rapporti,59257573,,0.212,0.263,0.238,18/03/21,25/03/21,221,45.05,56.2,50,0.204,0.254,0.226,0.212,0.263,0.238,14,21,,,
05/03/21,28/12/21,Rapporti,59257574,,0.209,0.261,0.235,19/03/21,26/03/21,226,45.32,56.8,51.2,0.201,0.251,0.227,0.209,0.261,0.235,14,21,,,
06/03/21,28/12/21,Rapporti,59257575,,0.206,0.257,0.231,20/03/21,27/03/21,234,45.67,57.2,50.9,0.195,0.244,0.218,0.206,0.257,0.231,14,21,,,
07/03/21,28/12/21,Rapporti,59257576,,0.203,0.254,0.226,21/03/21,28/03/21,240,46.38,58.2,50.8,0.193,0.243,0.212,0.203,0.254,0.226,14,21,,,
08/03/21,28/12/21,Rapporti,59257577,,0.201,0.252,0.223,22/03/21,29/03/21,241,47.33,59.2,51.4,0.196,0.246,0.213,0.201,0.252,0.223,14,21,,,
09/03/21,28/12/21,Rapporti,59257578,,0.199,0.249,0.219,23/03/21,30/03/21,246,47.97,59.8,51,0.195,0.243,0.207,0.199,0.249,0.219,14,21,,,
10/03/21,28/12/21,Rapporti,59257579,,0.197,0.246,0.216,24/03/21,31/03/21,248,47.99,60.5,51.1,0.194,0.244,0.206,0.197,0.246,0.216,14,21,,,
11/03/21,28/12/21,Rapporti,59257580,,0.195,0.245,0.212,25/03/21,01/04/21,253,47.97,61.1,51.8,0.190,0.242,0.205,0.195,0.245,0.212,14,21,,,
12/03/21,28/12/21,Rapporti,59257581,,0.193,0.243,0.209,26/03/21,02/04/21,258,48.05,61.2,52.2,0.186,0.237,0.202,0.193,0.243,0.209,14,21,,,
13/03/21,28/12/21,Rapporti,59257582,,0.191,0.241,0.206,27/03/21,03/04/21,262,48.3,61.3,52.1,0.184,0.234,0.199,0.191,0.241,0.206,14,21,,,
14/03/21,28/12/21,Rapporti,59257583,,0.190,0.240,0.205,28/03/21,04/04/21,263,48.43,62.1,52.6,0.184,0.236,0.200,0.190,0.240,0.205,14,21,,,
15/03/21,28/12/21,Rapporti,59257584,,0.188,0.239,0.201,29/03/21,05/04/21,265,49.21,62.8,50.6,0.186,0.237,0.191,0.188,0.239,0.201,14,21,,,
16/03/21,28/12/21,Rapporti,59257585,,0.187,0.238,0.198,30/03/21,06/04/21,266,49.33,62.7,48.8,0.185,0.236,0.183,0.187,0.238,0.198,14,21,,,
17/03/21,28/12/21,Rapporti,59257586,,0.186,0.237,0.196,31/03/21,07/04/21,267,49.24,62.6,51.5,0.184,0.234,0.193,0.186,0.237,0.196,14,21,,,
18/03/21,28/12/21,Rapporti,59257587,,0.185,0.235,0.194,01/04/21,08/04/21,266,48.85,62.1,51.2,0.184,0.233,0.192,0.185,0.235,0.194,14,21,,,
19/03/21,28/12/21,Rapporti,59257588,,0.184,0.235,0.193,02/04/21,09/04/21,264,48.44,62.5,50.9,0.183,0.237,0.193,0.184,0.235,0.193,14,21,,,
20/03/21,28/12/21,Rapporti,59257589,,0.184,0.236,0.192,03/04/21,10/04/21,261,48.08,62.7,50.3,0.184,0.240,0.193,0.184,0.236,0.192,14,21,,,
21/03/21,28/12/21,Rapporti,59257590,,0.185,0.237,0.191,04/04/21,11/04/21,259,47.98,62.5,50.3,0.185,0.241,0.194,0.185,0.237,0.191,14,21,,,
22/03/21,28/12/21,Rapporti,59257591,,0.185,0.238,0.193,05/04/21,12/04/21,256,48.58,63.1,51.3,0.190,0.246,0.200,0.185,0.238,0.193,14,21,,,
23/03/21,28/12/21,Rapporti,59257592,,0.187,0.240,0.196,06/04/21,13/04/21,253,49.51,63.2,52.2,0.196,0.250,0.206,0.187,0.240,0.196,14,21,,,
24/03/21,28/12/21,Rapporti,59257593,,0.189,0.242,0.197,07/04/21,14/04/21,250,49.47,62.2,49.5,0.198,0.249,0.198,0.189,0.242,0.197,14,21,,,
25/03/21,28/12/21,Rapporti,59257594,,0.190,0.245,0.197,08/04/21,15/04/21,249,48.69,61.8,47.6,0.196,0.248,0.191,0.190,0.245,0.197,14,21,,,
26/03/21,28/12/21,Rapporti,59257595,,0.192,0.246,0.196,09/04/21,16/04/21,245,47.5,60.8,47,0.194,0.248,0.192,0.192,0.246,0.196,14,21,,,
27/03/21,28/12/21,Rapporti,59257596,,0.193,0.247,0.196,10/04/21,17/04/21,246,46.67,60.5,46.5,0.190,0.246,0.189,0.193,0.247,0.196,14,21,,,
28/03/21,28/12/21,Rapporti,59257597,,0.193,0.248,0.194,11/04/21,18/04/21,245,45.99,60.5,45.1,0.188,0.247,0.184,0.193,0.248,0.194,14,21,,,
29/03/21,28/12/21,Rapporti,59257598,,0.193,0.248,0.192,12/04/21,19/04/21,243,46.12,60.6,44.4,0.190,0.249,0.183,0.193,0.248,0.192,14,21,,,
30/03/21,28/12/21,Rapporti,59257599,,0.192,0.248,0.188,13/04/21,20/04/21,239,45.48,59.5,42.9,0.190,0.249,0.179,0.192,0.248,0.188,14,21,,,
31/03/21,28/12/21,Rapporti,59257600,,0.190,0.248,0.184,14/04/21,21/04/21,240,44.5,58.9,41.2,0.185,0.245,0.172,0.190,0.248,0.184,14,21,,,
01/04/21,28/12/21,Rapporti,59257601,,0.188,0.246,0.181,15/04/21,22/04/21,240,43.18,57.7,40.8,0.180,0.240,0.170,0.188,0.246,0.181,14,21,,,
02/04/21,28/12/21,Rapporti,59257602,,0.186,0.245,0.178,16/04/21,23/04/21,237,41.76,56.8,39.4,0.176,0.240,0.166,0.186,0.245,0.178,14,21,,,
03/04/21,28/12/21,Rapporti,59257603,,0.183,0.245,0.175,17/04/21,24/04/21,233,40.67,56.4,39.6,0.175,0.242,0.170,0.183,0.245,0.175,14,21,,,
04/04/21,28/12/21,Rapporti,59257604,,0.181,0.244,0.173,18/04/21,25/04/21,230,39.91,55.9,39,0.174,0.243,0.170,0.181,0.244,0.173,14,21,,,
05/04/21,28/12/21,Rapporti,59257605,,0.180,0.243,0.171,19/04/21,26/04/21,226,40.07,54.7,38.7,0.177,0.242,0.171,0.180,0.243,0.171,14,21,,,
06/04/21,28/12/21,Rapporti,59257606,,0.179,0.243,0.171,20/04/21,27/04/21,212,39.24,53.2,38.5,0.185,0.251,0.182,0.179,0.243,0.171,14,21,,,
07/04/21,28/12/21,Rapporti,59257607,,0.180,0.246,0.174,21/04/21,28/04/21,198,38.45,51.9,38.1,0.194,0.262,0.192,0.180,0.246,0.174,14,21,,,
08/04/21,28/12/21,Rapporti,59257608,,0.183,0.250,0.178,22/04/21,29/04/21,187,37.28,51,36.9,0.199,0.273,0.197,0.183,0.250,0.178,14,21,,,
09/04/21,28/12/21,Rapporti,59257609,,0.186,0.256,0.183,23/04/21,30/04/21,181,36.18,50.3,35.6,0.200,0.278,0.197,0.186,0.256,0.183,14,21,,,
10/04/21,28/12/21,Rapporti,59257610,,0.190,0.261,0.186,24/04/21,01/05/21,175,35.39,48.8,34,0.202,0.279,0.194,0.190,0.261,0.186,14,21,,,
11/04/21,28/12/21,Rapporti,59257611,,0.195,0.267,0.189,25/04/21,02/05/21,171,34.87,48.3,32.7,0.204,0.282,0.191,0.195,0.267,0.189,14,21,,,
12/04/21,28/12/21,Rapporti,59257612,,0.199,0.273,0.192,26/04/21,03/05/21,170,34.82,48.1,32,0.205,0.283,0.188,0.199,0.273,0.192,14,21,,,
13/04/21,28/12/21,Rapporti,59257613,,0.199,0.274,0.190,27/04/21,04/05/21,179,34.28,46.4,30.8,0.192,0.259,0.172,0.199,0.274,0.190,14,21,,,
14/04/21,28/12/21,Rapporti,59257614,,0.198,0.272,0.186,28/04/21,05/05/21,184,33.51,45.7,29.5,0.182,0.248,0.160,0.198,0.272,0.186,14,21,,,
15/04/21,28/12/21,Rapporti,59257615,,0.195,0.268,0.180,29/04/21,06/05/21,183,32.66,44.6,29,0.178,0.244,0.158,0.195,0.268,0.180,14,21,,,
16/04/21,28/12/21,Rapporti,59257616,,0.192,0.263,0.175,30/04/21,07/05/21,178,31.96,43.6,28.1,0.180,0.245,0.158,0.192,0.263,0.175,14,21,,,
17/04/21,28/12/21,Rapporti,59257617,,0.188,0.258,0.170,01/05/21,08/05/21,174,31.02,42.6,28,0.178,0.245,0.161,0.188,0.258,0.170,14,21,,,
18/04/21,28/12/21,Rapporti,59257618,,0.185,0.254,0.166,02/05/21,09/05/21,169,30.96,42.6,27.9,0.183,0.252,0.165,0.185,0.254,0.166,14,21,,,
19/04/21,28/12/21,Rapporti,59257619,,0.183,0.249,0.162,03/05/21,10/05/21,168,31.04,42,27,0.185,0.250,0.161,0.183,0.249,0.162,14,21,,,
20/04/21,28/12/21,Rapporti,59257620,,0.182,0.247,0.160,04/05/21,11/05/21,165,30.67,40.9,26.1,0.186,0.248,0.158,0.182,0.247,0.160,14,21,,,
21/04/21,28/12/21,Rapporti,59257621,,0.182,0.247,0.160,05/05/21,12/05/21,162,29.57,40,26,0.183,0.247,0.160,0.182,0.247,0.160,14,21,,,
22/04/21,28/12/21,Rapporti,59257622,,0.182,0.247,0.160,06/05/21,13/05/21,160,28.46,38.9,25,0.178,0.243,0.156,0.182,0.247,0.160,14,21,,,
23/04/21,28/12/21,Rapporti,59257623,,0.181,0.246,0.160,07/05/21,14/05/21,158,27.56,38,24.6,0.174,0.241,0.156,0.181,0.246,0.160,14,21,,,
24/04/21,28/12/21,Rapporti,59257624,,0.180,0.246,0.158,08/05/21,15/05/21,155,26.66,37.3,23.1,0.172,0.241,0.149,0.180,0.246,0.158,14,21,,,
25/04/21,28/12/21,Rapporti,59257625,,0.178,0.244,0.155,09/05/21,16/05/21,156,26.02,37,22.3,0.167,0.237,0.143,0.178,0.244,0.155,14,21,,,
26/04/21,28/12/21,Rapporti,59257626,,0.175,0.242,0.151,10/05/21,17/05/21,155,26.03,36.4,21.3,0.168,0.235,0.137,0.175,0.242,0.151,14,21,,,
27/04/21,28/12/21,Rapporti,59257627,,0.172,0.239,0.148,11/05/21,18/05/21,153,25.21,34.7,20.5,0.165,0.227,0.134,0.172,0.239,0.148,14,21,,,
28/04/21,28/12/21,Rapporti,59257628,,0.169,0.235,0.143,12/05/21,19/05/21,152,24.1,33.6,18.6,0.159,0.221,0.122,0.169,0.235,0.143,14,21,,,
29/04/21,28/12/21,Rapporti,59257629,,0.166,0.231,0.137,13/05/21,20/05/21,149,22.96,31.9,18,0.154,0.214,0.121,0.166,0.231,0.137,14,21,,,
30/04/21,28/12/21,Rapporti,59257630,,0.162,0.227,0.133,14/05/21,21/05/21,147,22.02,31.4,18.6,0.150,0.214,0.127,0.162,0.227,0.133,14,21,,,
01/05/21,28/12/21,Rapporti,59257631,,0.158,0.223,0.130,15/05/21,22/05/21,145,21.08,30.5,18.4,0.145,0.210,0.127,0.158,0.223,0.130,14,21,,,
02/05/21,28/12/21,Rapporti,59257632,,0.155,0.220,0.128,16/05/21,23/05/21,139,20.48,30,18,0.147,0.216,0.129,0.155,0.220,0.128,14,21,,,
03/05/21,28/12/21,Rapporti,59257633,,0.153,0.218,0.127,17/05/21,24/05/21,134,20.29,29.6,17.5,0.151,0.221,0.131,0.153,0.218,0.127,14,21,,,
04/05/21,28/12/21,Rapporti,59257634,,0.151,0.216,0.126,18/05/21,25/05/21,132,19.47,28.5,16.9,0.148,0.216,0.128,0.151,0.216,0.126,14,21,,,
05/05/21,28/12/21,Rapporti,59257635,,0.149,0.216,0.127,19/05/21,26/05/21,127,18.59,27.7,16.5,0.146,0.218,0.130,0.149,0.216,0.127,14,21,,,
06/05/21,28/12/21,Rapporti,59257636,,0.147,0.215,0.129,20/05/21,27/05/21,123,17.52,26.1,16.6,0.142,0.212,0.135,0.147,0.215,0.129,14,21,,,
07/05/21,28/12/21,Rapporti,59257637,,0.146,0.215,0.130,21/05/21,28/05/21,118,16.75,24.8,15,0.142,0.210,0.127,0.146,0.215,0.130,14,21,,,
08/05/21,28/12/21,Rapporti,59257638,,0.145,0.215,0.129,22/05/21,29/05/21,114,16.01,24.1,14.3,0.140,0.211,0.125,0.145,0.215,0.129,14,21,,,
09/05/21,28/12/21,Rapporti,59257639,,0.144,0.214,0.129,23/05/21,30/05/21,112,15.46,23.8,13.9,0.138,0.213,0.124,0.144,0.214,0.129,14,21,,,
10/05/21,28/12/21,Rapporti,59257640,,0.142,0.213,0.127,24/05/21,31/05/21,111,15.1,23.3,13.4,0.136,0.210,0.121,0.142,0.213,0.127,14,21,,,
11/05/21,28/12/21,Rapporti,59257641,,0.140,0.212,0.125,25/05/21,01/06/21,107,14.44,22.3,12.2,0.135,0.208,0.114,0.140,0.212,0.125,14,21,,,
12/05/21,28/12/21,Rapporti,59257642,,0.138,0.211,0.122,26/05/21,02/06/21,102,13.7,21.6,11.2,0.134,0.212,0.110,0.138,0.211,0.122,14,21,,,
13/05/21,28/12/21,Rapporti,59257643,,0.137,0.211,0.117,27/05/21,03/06/21,96,13.01,20.4,9.3,0.136,0.213,0.097,0.137,0.211,0.117,14,21,,,
14/05/21,28/12/21,Rapporti,59257644,,0.136,0.211,0.112,28/05/21,04/06/21,91,12.14,19.3,8.4,0.133,0.212,0.092,0.136,0.211,0.112,14,21,,,
15/05/21,28/12/21,Rapporti,59257645,,0.135,0.212,0.107,29/05/21,05/06/21,85,11.48,18.5,7.9,0.135,0.218,0.093,0.135,0.212,0.107,14,21,,,
16/05/21,28/12/21,Rapporti,59257646,,0.135,0.213,0.104,30/05/21,06/06/21,81,11.12,17.9,8,0.137,0.221,0.099,0.135,0.213,0.104,14,21,,,
17/05/21,28/12/21,Rapporti,59257647,,0.136,0.215,0.101,31/05/21,07/06/21,78,10.94,17.4,7.8,0.140,0.223,0.100,0.136,0.215,0.101,14,21,,,
18/05/21,28/12/21,Rapporti,59257648,,0.137,0.218,0.100,01/06/21,08/06/21,74,10.45,16.7,7.9,0.141,0.226,0.107,0.137,0.218,0.100,14,21,,,
19/05/21,28/12/21,Rapporti,59257649,,0.138,0.219,0.101,02/06/21,09/06/21,70,9.89,15.7,8.2,0.141,0.224,0.117,0.138,0.219,0.101,14,21,,,
20/05/21,28/12/21,Rapporti,59257650,,0.139,0.222,0.106,03/06/21,10/06/21,66,9.65,15.1,8.7,0.146,0.229,0.132,0.139,0.222,0.106,14,21,,,
21/05/21,28/12/21,Rapporti,59257651,,0.142,0.224,0.112,04/06/21,11/06/21,62,9.26,14.1,8.6,0.149,0.227,0.139,0.142,0.224,0.112,14,21,,,
22/05/21,28/12/21,Rapporti,59257652,,0.144,0.225,0.120,05/06/21,12/06/21,58.8,8.76,13.3,8.5,0.149,0.226,0.145,0.144,0.225,0.120,14,21,,,
23/05/21,28/12/21,Rapporti,59257653,,0.145,0.227,0.126,06/06/21,13/06/21,55.8,8.38,13.1,8.1,0.150,0.235,0.145,0.145,0.227,0.126,14,21,,,
24/05/21,28/12/21,Rapporti,59257654,,0.147,0.229,0.132,07/06/21,14/06/21,54.2,8.29,12.8,7.6,0.153,0.236,0.140,0.147,0.229,0.132,14,21,,,
25/05/21,28/12/21,Rapporti,59257655,,0.149,0.229,0.136,08/06/21,15/06/21,52.1,7.91,11.6,6.9,0.152,0.223,0.132,0.149,0.229,0.136,14,21,,,
26/05/21,28/12/21,Rapporti,59257656,,0.150,0.229,0.138,09/06/21,16/06/21,49.5,7.39,11.2,6.5,0.149,0.226,0.131,0.150,0.229,0.138,14,21,,,
27/05/21,28/12/21,Rapporti,59257657,,0.150,0.229,0.136,10/06/21,17/06/21,46.8,7.01,10.6,5.7,0.150,0.226,0.122,0.150,0.229,0.136,14,21,,,
28/05/21,28/12/21,Rapporti,59257658,,0.150,0.229,0.133,11/06/21,18/06/21,44.3,6.54,10.1,5.1,0.148,0.228,0.115,0.150,0.229,0.133,14,21,,,
29/05/21,28/12/21,Rapporti,59257659,,0.150,0.229,0.128,12/06/21,19/06/21,42,6.17,9.7,4.7,0.147,0.231,0.112,0.150,0.229,0.128,14,21,,,
30/05/21,28/12/21,Rapporti,59257660,,0.150,0.230,0.124,13/06/21,20/06/21,40.2,5.98,9.5,4.5,0.149,0.236,0.112,0.150,0.230,0.124,14,21,,,
31/05/21,28/12/21,Rapporti,59257661,,0.149,0.229,0.119,14/06/21,21/06/21,39.1,5.85,9,4.3,0.150,0.230,0.110,0.149,0.229,0.119,14,21,,,
01/06/21,28/12/21,Rapporti,59257662,,0.149,0.229,0.114,15/06/21,22/06/21,37.8,5.62,8.5,3.7,0.149,0.225,0.098,0.149,0.229,0.114,14,21,,,
02/06/21,28/12/21,Rapporti,59257663,,0.148,0.228,0.108,16/06/21,23/06/21,36.1,5.17,7.9,3.1,0.143,0.219,0.086,0.148,0.228,0.108,14,21,,,
03/06/21,28/12/21,Rapporti,59257664,,0.148,0.229,0.103,17/06/21,24/06/21,32.4,4.87,7.5,2.9,0.150,0.231,0.090,0.148,0.229,0.103,14,21,,,
04/06/21,28/12/21,Rapporti,59257665,,0.148,0.229,0.102,18/06/21,25/06/21,30.4,4.52,7,3.3,0.149,0.230,0.109,0.148,0.229,0.102,14,21,,,
05/06/21,28/12/21,Rapporti,59257666,,0.148,0.229,0.104,19/06/21,26/06/21,28.8,4.23,6.6,3.5,0.147,0.229,0.122,0.148,0.229,0.104,14,21,,,
06/06/21,28/12/21,Rapporti,59257667,,0.148,0.229,0.105,20/06/21,27/06/21,27.7,4.12,6.6,3.4,0.149,0.238,0.123,0.148,0.229,0.105,14,21,,,
07/06/21,28/12/21,Rapporti,59257668,,0.148,0.231,0.108,21/06/21,28/06/21,26.8,4.03,6.5,3.5,0.150,0.243,0.131,0.148,0.231,0.108,14,21,,,
08/06/21,28/12/21,Rapporti,59257669,,0.148,0.232,0.115,22/06/21,29/06/21,25.8,3.86,6.1,3.7,0.150,0.236,0.143,0.148,0.232,0.115,14,21,,,
09/06/21,28/12/21,Rapporti,59257670,,0.149,0.235,0.125,23/06/21,30/06/21,24.6,3.61,5.8,3.9,0.147,0.236,0.159,0.149,0.235,0.125,14,21,,,
10/06/21,28/12/21,Rapporti,59257671,,0.147,0.233,0.134,24/06/21,01/07/21,24.8,3.42,5.5,3.8,0.138,0.222,0.153,0.147,0.233,0.134,14,21,,,
11/06/21,28/12/21,Rapporti,59257672,,0.145,0.232,0.138,25/06/21,02/07/21,23.7,3.2,5.2,3.3,0.135,0.219,0.139,0.145,0.232,0.138,14,21,,,
12/06/21,28/12/21,Rapporti,59257673,,0.143,0.231,0.140,26/06/21,03/07/21,22.5,2.99,5,3,0.133,0.222,0.133,0.143,0.231,0.140,14,21,,,
13/06/21,28/12/21,Rapporti,59257674,,0.142,0.231,0.143,27/06/21,04/07/21,21,2.94,5,3,0.140,0.238,0.143,0.142,0.231,0.143,14,21,,,
14/06/21,28/12/21,Rapporti,59257675,,0.141,0.231,0.145,28/06/21,05/07/21,20.4,2.91,4.9,3,0.143,0.240,0.147,0.141,0.231,0.145,14,21,,,
15/06/21,28/12/21,Rapporti,59257676,,0.140,0.231,0.145,29/06/21,06/07/21,19.3,2.83,4.6,2.7,0.147,0.238,0.140,0.140,0.231,0.145,14,21,,,
16/06/21,28/12/21,Rapporti,59257677,,0.141,0.231,0.143,30/06/21,07/07/21,17.9,2.69,4.2,2.6,0.150,0.235,0.145,0.141,0.231,0.143,14,21,,,
17/06/21,28/12/21,Rapporti,59257678,,0.143,0.232,0.142,01/07/21,08/07/21,16.7,2.59,3.9,2.4,0.155,0.234,0.144,0.143,0.232,0.142,14,21,,,
18/06/21,28/12/21,Rapporti,59257679,,0.147,0.234,0.144,02/07/21,09/07/21,15.4,2.48,3.6,2.4,0.161,0.234,0.156,0.147,0.234,0.144,14,21,,,
19/06/21,28/12/21,Rapporti,59257680,,0.151,0.236,0.147,03/07/21,10/07/21,14.5,2.35,3.4,2.2,0.162,0.234,0.152,0.151,0.236,0.147,14,21,,,
20/06/21,28/12/21,Rapporti,59257681,,0.155,0.237,0.148,04/07/21,11/07/21,13.7,2.3,3.3,2.1,0.168,0.241,0.153,0.155,0.237,0.148,14,21,,,
21/06/21,28/12/21,Rapporti,59257682,,0.160,0.237,0.147,05/07/21,12/07/21,13,2.26,3.2,1.8,0.174,0.246,0.138,0.160,0.237,0.147,14,21,,,
22/06/21,28/12/21,Rapporti,59257683,,0.164,0.241,0.148,06/07/21,13/07/21,12.2,2.14,3.2,1.8,0.175,0.262,0.148,0.164,0.241,0.148,14,21,,,
23/06/21,28/12/21,Rapporti,59257684,,0.168,0.245,0.151,07/07/21,14/07/21,11.5,2.08,3,1.9,0.181,0.261,0.165,0.168,0.245,0.151,14,21,,,
24/06/21,28/12/21,Rapporti,59257685,,0.173,0.251,0.154,08/07/21,15/07/21,10.8,2.02,3,1.8,0.187,0.278,0.167,0.173,0.251,0.154,14,21,,,
25/06/21,28/12/21,Rapporti,59257686,,0.177,0.258,0.154,09/07/21,16/07/21,10.2,1.97,2.9,1.6,0.193,0.284,0.157,0.177,0.258,0.154,14,21,,,
26/06/21,28/12/21,Rapporti,59257687,,0.183,0.265,0.157,10/07/21,17/07/21,9.5,1.94,2.7,1.6,0.204,0.284,0.168,0.183,0.265,0.157,14,21,,,
27/06/21,28/12/21,Rapporti,59257688,,0.188,0.272,0.159,11/07/21,18/07/21,9.4,1.91,2.7,1.6,0.203,0.287,0.170,0.188,0.272,0.159,14,21,,,
28/06/21,28/12/21,Rapporti,59257689,,0.194,0.279,0.163,12/07/21,19/07/21,9.2,1.94,2.7,1.5,0.211,0.293,0.163,0.194,0.279,0.163,14,21,,,
29/06/21,28/12/21,Rapporti,59257690,,0.199,0.282,0.162,13/07/21,20/07/21,9,1.9,2.6,1.3,0.211,0.289,0.144,0.199,0.282,0.162,14,21,,,
30/06/21,28/12/21,Rapporti,59257691,,0.203,0.286,0.158,14/07/21,21/07/21,8.7,1.87,2.5,1.2,0.215,0.287,0.138,0.203,0.286,0.158,14,21,,,
01/07/21,28/12/21,Rapporti,59257692,,0.207,0.290,0.158,15/07/21,22/07/21,8.6,1.84,2.6,1.4,0.214,0.302,0.163,0.207,0.290,0.158,14,21,,,
02/07/21,28/12/21,Rapporti,59257693,,0.210,0.293,0.160,16/07/21,23/07/21,8.7,1.84,2.7,1.5,0.211,0.310,0.172,0.210,0.293,0.160,14,21,,,
03/07/21,28/12/21,Rapporti,59257694,,0.211,0.297,0.157,17/07/21,24/07/21,8.8,1.87,2.7,1.3,0.213,0.307,0.148,0.211,0.297,0.157,14,21,,,
04/07/21,28/12/21,Rapporti,59257695,,0.213,0.297,0.155,18/07/21,25/07/21,8.9,1.92,2.6,1.4,0.216,0.292,0.157,0.213,0.297,0.155,14,21,,,
05/07/21,28/12/21,Rapporti,59257696,,0.215,0.298,0.157,19/07/21,26/07/21,9,2,2.7,1.6,0.222,0.300,0.178,0.215,0.298,0.157,14,21,,,
06/07/21,28/12/21,Rapporti,59257697,,0.215,0.300,0.165,20/07/21,27/07/21,9.4,2.01,2.8,1.9,0.214,0.298,0.202,0.215,0.300,0.165,14,21,,,
07/07/21,28/12/21,Rapporti,59257698,,0.214,0.298,0.172,21/07/21,28/07/21,9.8,2.02,2.7,1.8,0.206,0.276,0.184,0.214,0.298,0.172,14,21,,,
08/07/21,28/12/21,Rapporti,59257699,,0.211,0.291,0.173,22/07/21,29/07/21,10.7,2.08,2.7,1.8,0.194,0.252,0.168,0.211,0.291,0.173,14,21,,,
09/07/21,28/12/21,Rapporti,59257700,,0.208,0.278,0.171,23/07/21,30/07/21,11.7,2.2,2.6,1.9,0.188,0.222,0.162,0.208,0.278,0.171,14,21,,,
10/07/21,28/12/21,Rapporti,59257701,,0.203,0.268,0.173,24/07/21,31/07/21,12.4,2.26,2.9,2,0.182,0.234,0.161,0.203,0.268,0.173,14,21,,,
11/07/21,28/12/21,Rapporti,59257702,,0.197,0.258,0.172,25/07/21,01/08/21,13.4,2.35,3,2,0.175,0.224,0.149,0.197,0.258,0.172,14,21,,,
12/07/21,28/12/21,Rapporti,59257703,,0.192,0.247,0.167,26/07/21,02/08/21,14.1,2.55,3.1,2,0.181,0.220,0.142,0.192,0.247,0.167,14,21,,,
13/07/21,28/12/21,Rapporti,59257704,,0.187,0.234,0.157,27/07/21,03/08/21,15.2,2.72,3.2,2,0.179,0.211,0.132,0.187,0.234,0.157,14,21,,,
14/07/21,28/12/21,Rapporti,59257705,,0.181,0.221,0.148,28/07/21,04/08/21,17.1,2.84,3.1,2.1,0.166,0.181,0.123,0.181,0.221,0.148,14,21,,,
15/07/21,28/12/21,Rapporti,59257706,,0.175,0.209,0.142,29/07/21,05/08/21,18.9,2.92,3.3,2.3,0.154,0.175,0.122,0.175,0.209,0.142,14,21,,,
16/07/21,28/12/21,Rapporti,59257707,,0.169,0.200,0.134,30/07/21,06/08/21,21.4,3.06,3.4,2.4,0.143,0.159,0.112,0.169,0.200,0.134,14,21,,,
17/07/21,28/12/21,Rapporti,59257708,,0.161,0.188,0.126,31/07/21,07/08/21,24.3,3.12,3.6,2.5,0.128,0.148,0.103,0.161,0.188,0.126,14,21,,,
18/07/21,28/12/21,Rapporti,59257709,,0.153,0.177,0.118,01/08/21,08/08/21,27.3,3.3,3.9,2.6,0.121,0.143,0.095,0.153,0.177,0.118,14,21,,,
19/07/21,28/12/21,Rapporti,59257710,,0.144,0.166,0.111,02/08/21,09/08/21,29.3,3.49,4.2,2.6,0.119,0.143,0.089,0.144,0.166,0.111,14,21,,,
20/07/21,28/12/21,Rapporti,59257711,,0.135,0.155,0.104,03/08/21,10/08/21,32.7,3.71,4.4,2.7,0.113,0.135,0.083,0.135,0.155,0.104,14,21,,,
21/07/21,28/12/21,Rapporti,59257712,,0.127,0.146,0.097,04/08/21,11/08/21,36.2,3.9,4.4,2.8,0.108,0.122,0.077,0.127,0.146,0.097,14,21,,,
22/07/21,28/12/21,Rapporti,59257713,,0.119,0.137,0.090,05/08/21,12/08/21,40.6,4.07,4.5,2.9,0.100,0.111,0.071,0.119,0.137,0.090,14,21,,,
23/07/21,28/12/21,Rapporti,59257714,,0.112,0.130,0.084,06/08/21,13/08/21,44.4,4.13,4.7,3.2,0.093,0.106,0.072,0.112,0.130,0.084,14,21,,,
24/07/21,28/12/21,Rapporti,59257715,,0.106,0.123,0.080,07/08/21,14/08/21,47.8,4.27,4.9,3.4,0.089,0.103,0.071,0.106,0.123,0.080,14,21,,,
25/07/21,28/12/21,Rapporti,59257716,,0.102,0.117,0.076,08/08/21,15/08/21,50.6,4.44,5,3.6,0.088,0.099,0.071,0.102,0.117,0.076,14,21,,,
26/07/21,28/12/21,Rapporti,59257717,,0.097,0.111,0.074,09/08/21,16/08/21,52.3,4.7,5.5,3.6,0.090,0.105,0.069,0.097,0.111,0.074,14,21,,,
27/07/21,28/12/21,Rapporti,59257718,,0.094,0.106,0.072,10/08/21,17/08/21,53.9,4.86,5.4,4,0.090,0.100,0.074,0.094,0.106,0.072,14,21,,,
28/07/21,28/12/21,Rapporti,59257719,,0.091,0.103,0.073,11/08/21,18/08/21,56.4,4.97,5.7,4.6,0.088,0.101,0.082,0.091,0.103,0.073,14,21,,,
29/07/21,28/12/21,Rapporti,59257720,,0.089,0.102,0.075,12/08/21,19/08/21,58.2,5.02,5.9,5.1,0.086,0.101,0.088,0.089,0.102,0.075,14,21,,,
30/07/21,28/12/21,Rapporti,59257721,,0.088,0.102,0.077,13/08/21,20/08/21,60.7,5.12,6.2,5.1,0.084,0.102,0.084,0.088,0.102,0.077,14,21,,,
31/07/21,28/12/21,Rapporti,59257722,,0.087,0.101,0.079,14/08/21,21/08/21,63,5.23,6.3,5.3,0.083,0.100,0.084,0.087,0.101,0.079,14,21,,,
01/08/21,28/12/21,Rapporti,59257723,,0.086,0.102,0.081,15/08/21,22/08/21,64,5.34,6.5,5.4,0.083,0.102,0.084,0.086,0.102,0.081,14,21,,,
02/08/21,28/12/21,Rapporti,59257724,,0.086,0.102,0.084,16/08/21,23/08/21,64.1,5.63,6.8,5.7,0.088,0.106,0.089,0.086,0.102,0.084,14,21,,,
03/08/21,28/12/21,Rapporti,59257725,,0.086,0.103,0.086,17/08/21,24/08/21,64.7,5.86,7.1,5.8,0.091,0.110,0.090,0.086,0.103,0.086,14,21,,,
04/08/21,28/12/21,Rapporti,59257726,,0.087,0.105,0.086,18/08/21,25/08/21,66.2,6.01,7.5,5.7,0.091,0.113,0.086,0.087,0.105,0.086,14,21,,,
05/08/21,28/12/21,Rapporti,59257727,,0.087,0.107,0.085,19/08/21,26/08/21,68,6.12,7.8,5.5,0.090,0.115,0.081,0.087,0.107,0.085,14,21,,,
06/08/21,28/12/21,Rapporti,59257728,,0.088,0.108,0.085,20/08/21,27/08/21,68,6.23,7.7,5.4,0.092,0.113,0.079,0.088,0.108,0.085,14,21,,,
07/08/21,28/12/21,Rapporti,59257729,,0.089,0.111,0.084,21/08/21,28/08/21,68.6,6.3,7.9,5.5,0.092,0.115,0.080,0.089,0.111,0.084,14,21,,,
08/08/21,28/12/21,Rapporti,59257730,,0.091,0.113,0.084,22/08/21,29/08/21,69.3,6.36,8,5.8,0.092,0.115,0.084,0.091,0.113,0.084,14,21,,,
09/08/21,28/12/21,Rapporti,59257731,,0.091,0.114,0.083,23/08/21,30/08/21,71,6.63,8.2,5.9,0.093,0.115,0.083,0.091,0.114,0.083,14,21,,,
10/08/21,28/12/21,Rapporti,59257732,,0.092,0.115,0.083,24/08/21,31/08/21,72.3,6.81,8.5,6.2,0.094,0.118,0.086,0.092,0.115,0.083,14,21,,,
11/08/21,28/12/21,Rapporti,59257733,,0.092,0.115,0.083,25/08/21,01/09/21,72.9,6.79,8.4,6.3,0.093,0.115,0.086,0.092,0.115,0.083,14,21,,,
12/08/21,28/12/21,Rapporti,59257734,,0.093,0.116,0.084,26/08/21,02/09/21,73,6.85,8.5,6.7,0.094,0.116,0.092,0.093,0.116,0.084,14,21,,,
13/08/21,28/12/21,Rapporti,59257735,,0.093,0.116,0.086,27/08/21,03/09/21,74.3,6.94,8.6,6.9,0.093,0.116,0.093,0.093,0.116,0.086,14,21,,,
14/08/21,28/12/21,Rapporti,59257736,,0.093,0.116,0.088,28/08/21,04/09/21,74.8,6.94,8.6,6.9,0.093,0.115,0.092,0.093,0.116,0.088,14,21,,,
15/08/21,28/12/21,Rapporti,59257737,,0.093,0.116,0.090,29/08/21,05/09/21,74.7,6.97,8.9,7.1,0.093,0.119,0.095,0.093,0.116,0.090,14,21,,,
16/08/21,28/12/21,Rapporti,59257738,,0.094,0.118,0.091,30/08/21,06/09/21,73.8,7.2,9.2,7.1,0.098,0.125,0.096,0.094,0.118,0.091,14,21,,,
17/08/21,28/12/21,Rapporti,59257739,,0.095,0.119,0.093,31/08/21,07/09/21,73.3,7.18,9.2,7,0.098,0.126,0.095,0.095,0.119,0.093,14,21,,,
18/08/21,28/12/21,Rapporti,59257740,,0.095,0.120,0.094,01/09/21,08/09/21,73.6,7.14,9.1,7,0.097,0.124,0.095,0.095,0.120,0.094,14,21,,,
19/08/21,28/12/21,Rapporti,59257741,,0.096,0.122,0.095,02/09/21,09/09/21,73.5,7.1,9.4,7,0.097,0.128,0.095,0.096,0.122,0.095,14,21,,,
20/08/21,28/12/21,Rapporti,59257742,,0.096,0.123,0.095,03/09/21,10/09/21,73.2,7.03,9.4,7.1,0.096,0.128,0.097,0.096,0.123,0.095,14,21,,,
21/08/21,28/12/21,Rapporti,59257743,,0.096,0.126,0.096,04/09/21,11/09/21,73.7,7.09,9.6,7.1,0.096,0.130,0.096,0.096,0.126,0.096,14,21,,,
22/08/21,28/12/21,Rapporti,59257744,,0.097,0.127,0.095,05/09/21,12/09/21,74.2,7.11,9.7,6.8,0.096,0.131,0.092,0.097,0.127,0.095,14,21,,,
23/08/21,28/12/21,Rapporti,59257745,,0.097,0.128,0.094,06/09/21,13/09/21,75,7.26,9.6,6.5,0.097,0.128,0.087,0.097,0.128,0.094,14,21,,,
24/08/21,28/12/21,Rapporti,59257746,,0.096,0.128,0.093,07/09/21,14/09/21,76.4,7.27,9.5,6.6,0.095,0.124,0.086,0.096,0.128,0.093,14,21,,,
25/08/21,28/12/21,Rapporti,59257747,,0.096,0.128,0.091,08/09/21,15/09/21,77,7.15,9.5,6.6,0.093,0.123,0.086,0.096,0.128,0.091,14,21,,,
26/08/21,28/12/21,Rapporti,59257748,,0.095,0.127,0.090,09/09/21,16/09/21,77,7.14,9.4,6.8,0.093,0.122,0.088,0.095,0.127,0.090,14,21,,,
27/08/21,28/12/21,Rapporti,59257749,,0.094,0.125,0.089,10/09/21,17/09/21,78,7.03,9.2,6.8,0.090,0.118,0.087,0.094,0.125,0.089,14,21,,,
28/08/21,28/12/21,Rapporti,59257750,,0.093,0.124,0.088,11/09/21,18/09/21,76.9,6.95,9.2,6.7,0.090,0.120,0.087,0.093,0.124,0.088,14,21,,,
29/08/21,28/12/21,Rapporti,59257751,,0.093,0.122,0.087,12/09/21,19/09/21,77,6.94,9.4,6.6,0.090,0.122,0.086,0.093,0.122,0.087,14,21,,,
30/08/21,28/12/21,Rapporti,59257752,,0.092,0.122,0.087,13/09/21,20/09/21,77.1,7.09,9.5,6.7,0.092,0.123,0.087,0.092,0.122,0.087,14,21,,,
31/08/21,28/12/21,Rapporti,59257753,,0.091,0.121,0.087,14/09/21,21/09/21,76.2,7.03,9.3,6.6,0.092,0.122,0.087,0.091,0.121,0.087,14,21,,,
01/09/21,28/12/21,Rapporti,59257754,,0.092,0.121,0.087,15/09/21,22/09/21,74.4,6.97,9.1,6.5,0.094,0.122,0.087,0.092,0.121,0.087,14,21,,,
02/09/21,28/12/21,Rapporti,59257755,,0.092,0.121,0.087,16/09/21,23/09/21,73.6,6.78,9,6.5,0.092,0.122,0.088,0.092,0.121,0.087,14,21,,,
03/09/21,28/12/21,Rapporti,59257756,,0.092,0.122,0.087,17/09/21,24/09/21,71.8,6.73,8.9,6.2,0.094,0.124,0.086,0.092,0.122,0.087,14,21,,,
04/09/21,28/12/21,Rapporti,59257757,,0.093,0.123,0.087,18/09/21,25/09/21,70.6,6.68,8.8,6.2,0.095,0.125,0.088,0.093,0.123,0.087,14,21,,,
05/09/21,28/12/21,Rapporti,59257758,,0.093,0.124,0.088,19/09/21,26/09/21,69.5,6.63,8.9,6.5,0.095,0.128,0.094,0.093,0.124,0.088,14,21,,,
06/09/21,28/12/21,Rapporti,59257759,,0.094,0.125,0.089,20/09/21,27/09/21,68,6.72,8.8,6.5,0.099,0.129,0.096,0.094,0.125,0.089,14,21,,,
07/09/21,28/12/21,Rapporti,59257760,,0.095,0.126,0.091,21/09/21,28/09/21,66.7,6.64,8.7,6.5,0.100,0.130,0.097,0.095,0.126,0.091,14,21,,,
08/09/21,28/12/21,Rapporti,59257761,,0.096,0.127,0.092,22/09/21,29/09/21,65.7,6.41,8.7,6.4,0.098,0.132,0.097,0.096,0.127,0.092,14,21,,,
09/09/21,28/12/21,Rapporti,59257762,,0.097,0.129,0.094,23/09/21,30/09/21,63.6,6.16,8.5,6.2,0.097,0.134,0.097,0.097,0.129,0.094,14,21,,,
10/09/21,28/12/21,Rapporti,59257763,,0.097,0.130,0.096,24/09/21,01/10/21,61.7,6,8.3,6.2,0.097,0.135,0.100,0.097,0.130,0.096,14,21,,,
11/09/21,28/12/21,Rapporti,59257764,,0.098,0.132,0.097,25/09/21,02/10/21,60.1,5.9,8.1,5.8,0.098,0.135,0.097,0.098,0.132,0.097,14,21,,,
12/09/21,28/12/21,Rapporti,59257765,,0.098,0.133,0.097,26/09/21,03/10/21,59,5.8,8.2,5.6,0.098,0.139,0.095,0.098,0.133,0.097,14,21,,,
13/09/21,28/12/21,Rapporti,59257766,,0.098,0.135,0.097,27/09/21,04/10/21,58.1,5.88,8.2,5.5,0.101,0.141,0.095,0.098,0.135,0.097,14,21,,,
14/09/21,28/12/21,Rapporti,59257767,,0.099,0.136,0.096,28/09/21,05/10/21,56.9,5.77,7.7,5.2,0.101,0.135,0.091,0.099,0.136,0.096,14,21,,,
15/09/21,28/12/21,Rapporti,59257768,,0.099,0.137,0.095,29/09/21,06/10/21,55,5.6,7.6,4.8,0.102,0.138,0.087,0.099,0.137,0.095,14,21,,,
16/09/21,28/12/21,Rapporti,59257769,,0.100,0.137,0.093,30/09/21,07/10/21,54.4,5.4,7.4,4.7,0.099,0.136,0.086,0.100,0.137,0.093,14,21,,,
17/09/21,28/12/21,Rapporti,59257770,,0.100,0.137,0.090,01/10/21,08/10/21,52.6,5.26,7.2,4.3,0.100,0.137,0.082,0.100,0.137,0.090,14,21,,,
18/09/21,28/12/21,Rapporti,59257771,,0.100,0.138,0.090,02/10/21,09/10/21,51.5,5.16,7.3,4.7,0.100,0.142,0.091,0.100,0.138,0.090,14,21,,,
19/09/21,28/12/21,Rapporti,59257772,,0.101,0.139,0.089,03/10/21,10/10/21,50.1,5.05,7.3,4.6,0.101,0.146,0.092,0.101,0.139,0.089,14,21,,,
20/09/21,28/12/21,Rapporti,59257773,,0.101,0.140,0.089,04/10/21,11/10/21,49.5,5.12,7.4,4.5,0.103,0.149,0.091,0.101,0.140,0.089,14,21,,,
21/09/21,28/12/21,Rapporti,59257774,,0.101,0.143,0.089,05/10/21,12/10/21,48.4,5.01,7.3,4.5,0.104,0.151,0.093,0.101,0.143,0.089,14,21,,,
22/09/21,28/12/21,Rapporti,59257775,,0.102,0.144,0.090,06/10/21,13/10/21,46.9,4.85,7,4.5,0.103,0.149,0.096,0.102,0.144,0.090,14,21,,,
23/09/21,28/12/21,Rapporti,59257776,,0.102,0.146,0.092,07/10/21,14/10/21,45.1,4.77,6.8,4.4,0.106,0.151,0.098,0.102,0.146,0.092,14,21,,,
24/09/21,28/12/21,Rapporti,59257777,,0.103,0.148,0.095,08/10/21,15/10/21,43.9,4.63,6.5,4.6,0.105,0.148,0.105,0.103,0.148,0.095,14,21,,,
25/09/21,28/12/21,Rapporti,59257778,,0.104,0.149,0.096,09/10/21,16/10/21,42.1,4.54,6.2,4.1,0.108,0.147,0.097,0.104,0.149,0.096,14,21,,,
26/09/21,28/12/21,Rapporti,59257779,,0.106,0.149,0.097,10/10/21,17/10/21,40.8,4.47,6.1,4.1,0.110,0.150,0.100,0.106,0.149,0.097,14,21,,,
27/09/21,28/12/21,Rapporti,59257780,,0.107,0.151,0.099,11/10/21,18/10/21,39.7,4.54,6.3,4.2,0.114,0.159,0.106,0.107,0.151,0.099,14,21,,,
28/09/21,28/12/21,Rapporti,59257781,,0.109,0.152,0.103,12/10/21,19/10/21,39.1,4.5,6.2,4.6,0.115,0.159,0.118,0.109,0.152,0.103,14,21,,,
29/09/21,28/12/21,Rapporti,59257782,,0.110,0.154,0.106,13/10/21,20/10/21,37.8,4.31,6.2,4.5,0.114,0.164,0.119,0.110,0.154,0.106,14,21,,,
30/09/21,28/12/21,Rapporti,59257783,,0.111,0.156,0.109,14/10/21,21/10/21,37.4,4.18,6.1,4.4,0.112,0.163,0.118,0.111,0.156,0.109,14,21,,,
01/10/21,28/12/21,Rapporti,59257784,,0.112,0.158,0.111,15/10/21,22/10/21,36.7,4.13,6,4.4,0.113,0.163,0.120,0.112,0.158,0.111,14,21,,,
02/10/21,28/12/21,Rapporti,59257785,,0.112,0.160,0.116,16/10/21,23/10/21,36.4,4,5.9,4.8,0.110,0.162,0.132,0.112,0.160,0.116,14,21,,,
03/10/21,28/12/21,Rapporti,59257786,,0.113,0.162,0.121,17/10/21,24/10/21,36.2,4.03,5.9,4.8,0.111,0.163,0.133,0.113,0.162,0.121,14,21,,,
04/10/21,28/12/21,Rapporti,59257787,,0.113,0.163,0.124,18/10/21,25/10/21,35.9,4.1,6,4.6,0.114,0.167,0.128,0.113,0.163,0.124,14,21,,,
05/10/21,28/12/21,Rapporti,59257788,,0.113,0.165,0.124,19/10/21,26/10/21,35,4.09,6,4.2,0.117,0.171,0.120,0.113,0.165,0.124,14,21,,,
06/10/21,28/12/21,Rapporti,59257789,,0.114,0.166,0.125,20/10/21,27/10/21,35.1,4.16,6,4.5,0.119,0.171,0.128,0.114,0.166,0.125,14,21,,,
07/10/21,28/12/21,Rapporti,59257790,,0.115,0.168,0.129,21/10/21,28/10/21,33.6,4.12,6,4.7,0.123,0.179,0.140,0.115,0.168,0.129,14,21,,,
08/10/21,28/12/21,Rapporti,59257791,,0.117,0.170,0.131,22/10/21,29/10/21,33,4.12,5.8,4.6,0.125,0.176,0.139,0.117,0.170,0.131,14,21,,,
09/10/21,28/12/21,Rapporti,59257792,,0.120,0.172,0.133,23/10/21,30/10/21,32,4.14,5.7,4.6,0.129,0.178,0.144,0.120,0.172,0.133,14,21,,,
10/10/21,28/12/21,Rapporti,59257793,,0.123,0.176,0.135,24/10/21,31/10/21,30.9,4.17,5.8,4.6,0.135,0.188,0.149,0.123,0.176,0.135,14,21,,,
11/10/21,28/12/21,Rapporti,59257794,,0.127,0.178,0.138,25/10/21,01/11/21,30.7,4.35,5.7,4.5,0.142,0.186,0.147,0.127,0.178,0.138,14,21,,,
12/10/21,28/12/21,Rapporti,59257795,,0.131,0.181,0.141,26/10/21,02/11/21,30.7,4.39,5.8,4.3,0.143,0.189,0.140,0.131,0.181,0.141,14,21,,,
13/10/21,28/12/21,Rapporti,59257796,,0.135,0.184,0.145,27/10/21,03/11/21,30,4.41,5.8,4.6,0.147,0.193,0.153,0.135,0.184,0.145,14,21,,,
14/10/21,28/12/21,Rapporti,59257797,,0.139,0.187,0.147,28/10/21,04/11/21,29.5,4.4,5.9,4.7,0.149,0.200,0.159,0.139,0.187,0.147,14,21,,,
15/10/21,28/12/21,Rapporti,59257798,,0.143,0.191,0.152,29/10/21,05/11/21,29,4.49,5.9,5,0.155,0.203,0.172,0.143,0.191,0.152,14,21,,,
16/10/21,28/12/21,Rapporti,59257799,,0.147,0.194,0.155,30/10/21,06/11/21,29.4,4.57,5.8,4.9,0.155,0.197,0.167,0.147,0.194,0.155,14,21,,,
17/10/21,28/12/21,Rapporti,59257800,,0.150,0.195,0.157,31/10/21,07/11/21,29.7,4.65,5.8,4.8,0.157,0.195,0.162,0.150,0.195,0.157,14,21,,,
18/10/21,28/12/21,Rapporti,59257801,,0.153,0.198,0.161,01/11/21,08/11/21,29.8,4.83,6.1,5.1,0.162,0.205,0.171,0.153,0.198,0.161,14,21,,,
19/10/21,28/12/21,Rapporti,59257802,,0.156,0.201,0.167,02/11/21,09/11/21,30.2,5.05,6.5,5.6,0.167,0.215,0.185,0.156,0.201,0.167,14,21,,,
20/10/21,28/12/21,Rapporti,59257803,,0.158,0.202,0.170,03/11/21,10/11/21,31.8,5.11,6.4,5.5,0.161,0.201,0.173,0.158,0.202,0.170,14,21,,,
21/10/21,28/12/21,Rapporti,59257804,,0.158,0.201,0.171,04/11/21,11/11/21,33.7,5.14,6.5,5.7,0.153,0.193,0.169,0.158,0.201,0.171,14,21,,,
22/10/21,28/12/21,Rapporti,59257805,,0.158,0.199,0.170,05/11/21,12/11/21,35.6,5.27,6.7,5.9,0.148,0.188,0.166,0.158,0.199,0.170,14,21,,,
23/10/21,28/12/21,Rapporti,59257806,,0.156,0.196,0.171,06/11/21,13/11/21,37.2,5.35,6.6,6.3,0.144,0.177,0.169,0.156,0.196,0.171,14,21,,,
24/10/21,28/12/21,Rapporti,59257807,,0.153,0.193,0.172,07/11/21,14/11/21,39.4,5.43,6.7,6.6,0.138,0.170,0.168,0.153,0.193,0.172,14,21,,,
25/10/21,28/12/21,Rapporti,59257808,,0.150,0.188,0.171,08/11/21,15/11/21,40.9,5.67,7,6.7,0.139,0.171,0.164,0.150,0.188,0.171,14,21,,,
26/10/21,28/12/21,Rapporti,59257809,,0.145,0.181,0.167,09/11/21,16/11/21,43.2,5.8,7.1,6.8,0.134,0.164,0.157,0.145,0.181,0.167,14,21,,,
27/10/21,28/12/21,Rapporti,59257810,,0.141,0.175,0.164,10/11/21,17/11/21,44.7,5.82,7.1,7,0.130,0.159,0.157,0.141,0.175,0.164,14,21,,,
28/10/21,28/12/21,Rapporti,59257811,,0.137,0.169,0.162,11/11/21,18/11/21,46.5,5.92,7.1,7,0.127,0.153,0.151,0.137,0.169,0.162,14,21,,,
29/10/21,28/12/21,Rapporti,59257812,,0.133,0.164,0.157,12/11/21,19/11/21,49,5.95,7.5,6.7,0.121,0.153,0.137,0.133,0.164,0.157,14,21,,,
30/10/21,28/12/21,Rapporti,59257813,,0.130,0.160,0.152,13/11/21,20/11/21,50.7,6.07,7.6,6.6,0.120,0.150,0.130,0.130,0.160,0.152,14,21,,,
31/10/21,28/12/21,Rapporti,59257814,,0.127,0.157,0.147,14/11/21,21/11/21,52,6.15,7.7,6.8,0.118,0.148,0.131,0.127,0.157,0.147,14,21,,,
01/11/21,28/12/21,Rapporti,59257815,,0.125,0.154,0.143,15/11/21,22/11/21,52.5,6.43,8,7.2,0.122,0.152,0.137,0.125,0.154,0.143,14,21,,,
02/11/21,28/12/21,Rapporti,59257816,,0.125,0.154,0.141,16/11/21,23/11/21,50.5,6.7,8.1,7.4,0.133,0.160,0.147,0.125,0.154,0.141,14,21,,,
03/11/21,28/12/21,Rapporti,59257817,,0.125,0.154,0.140,17/11/21,24/11/21,51.5,6.85,8.2,7.6,0.133,0.159,0.148,0.125,0.154,0.140,14,21,,,
04/11/21,28/12/21,Rapporti,59257818,,0.125,0.155,0.139,18/11/21,25/11/21,53.3,6.9,8.5,7.6,0.129,0.159,0.143,0.125,0.155,0.139,14,21,,,
05/11/21,28/12/21,Rapporti,59257819,,0.126,0.155,0.139,19/11/21,26/11/21,55.7,6.99,8.6,7.7,0.125,0.154,0.138,0.126,0.155,0.139,14,21,,,
06/11/21,28/12/21,Rapporti,59257820,,0.126,0.154,0.141,20/11/21,27/11/21,59,7.17,8.6,8.4,0.122,0.146,0.142,0.126,0.154,0.141,14,21,,,
07/11/21,28/12/21,Rapporti,59257821,,0.126,0.153,0.141,21/11/21,28/11/21,61.9,7.33,8.8,8.4,0.118,0.142,0.136,0.126,0.153,0.141,14,21,,,
08/11/21,28/12/21,Rapporti,59257822,,0.126,0.152,0.140,22/11/21,29/11/21,64.3,7.61,9.3,8.3,0.118,0.145,0.129,0.126,0.152,0.140,14,21,,,
09/11/21,28/12/21,Rapporti,59257823,,0.123,0.149,0.137,23/11/21,30/11/21,69.6,7.76,9.5,8.4,0.111,0.136,0.121,0.123,0.149,0.137,14,21,,,
10/11/21,28/12/21,Rapporti,59257824,,0.119,0.145,0.132,24/11/21,01/12/21,74.2,7.81,9.7,8.7,0.105,0.131,0.117,0.119,0.145,0.132,14,21,,,
11/11/21,28/12/21,Rapporti,59257825,,0.114,0.140,0.128,25/11/21,02/12/21,78.6,7.91,9.9,8.7,0.101,0.126,0.111,0.114,0.140,0.128,14,21,,,
12/11/21,28/12/21,Rapporti,59257826,,0.111,0.136,0.124,26/11/21,03/12/21,81.8,8.01,10.2,9.1,0.098,0.125,0.111,0.111,0.136,0.124,14,21,,,
13/11/21,28/12/21,Rapporti,59257827,,0.107,0.133,0.119,27/11/21,04/12/21,84.7,8.14,10.5,8.9,0.096,0.124,0.105,0.107,0.133,0.119,14,21,,,
14/11/21,28/12/21,Rapporti,59257828,,0.104,0.130,0.114,28/11/21,05/12/21,86.9,8.38,10.8,8.8,0.096,0.124,0.101,0.104,0.130,0.114,14,21,,,
15/11/21,28/12/21,Rapporti,59257829,,0.101,0.128,0.110,29/11/21,06/12/21,88.5,8.67,11.3,9.2,0.098,0.128,0.104,0.101,0.128,0.110,14,21,,,
16/11/21,28/12/21,Rapporti,59257830,,0.099,0.126,0.107,30/11/21,07/12/21,91.3,8.82,11.5,9.4,0.097,0.126,0.103,0.099,0.126,0.107,14,21,,,
17/11/21,28/12/21,Rapporti,59257831,,0.097,0.125,0.104,01/12/21,08/12/21,95.2,8.86,11.6,9.1,0.093,0.122,0.096,0.097,0.125,0.104,14,21,,,
18/11/21,28/12/21,Rapporti,59257832,,0.096,0.124,0.102,02/12/21,09/12/21,98.6,8.94,11.8,9.2,0.091,0.120,0.093,0.096,0.124,0.102,14,21,,,
19/11/21,28/12/21,Rapporti,59257833,,0.094,0.123,0.100,03/12/21,10/12/21,101.8,9.09,11.9,10,0.089,0.117,0.098,0.094,0.123,0.100,14,21,,,
20/11/21,28/12/21,Rapporti,59257834,,0.093,0.122,0.099,04/12/21,11/12/21,106.8,9.16,12.4,10.3,0.086,0.116,0.096,0.093,0.122,0.099,14,21,,,
21/11/21,28/12/21,Rapporti,59257835,,0.091,0.120,0.098,05/12/21,12/12/21,110.4,9.45,12.4,10.7,0.086,0.112,0.097,0.091,0.120,0.098,14,21,,,
22/11/21,28/12/21,Rapporti,59257836,,0.090,0.118,0.097,06/12/21,13/12/21,112.5,9.92,12.5,10.8,0.088,0.111,0.096,0.090,0.118,0.097,14,21,,,
23/11/21,28/12/21,Rapporti,59257837,,0.089,0.116,0.096,07/12/21,14/12/21,116.5,10.26,13.1,11.2,0.088,0.112,0.096,0.089,0.116,0.096,14,21,,,
24/11/21,28/12/21,Rapporti,59257838,,0.088,0.114,0.097,08/12/21,15/12/21,120.3,10.29,13.3,11.9,0.086,0.111,0.099,0.088,0.114,0.097,14,21,,,
25/11/21,28/12/21,Rapporti,59257839,,0.087,0.113,0.098,09/12/21,16/12/21,125.6,10.69,13.7,12.7,0.085,0.109,0.101,0.087,0.113,0.098,14,21,,,
26/11/21,28/12/21,Rapporti,59257840,,0.086,0.111,0.098,10/12/21,17/12/21,130.9,10.94,13.8,12.7,0.084,0.105,0.097,0.086,0.111,0.098,14,21,,,
27/11/21,28/12/21,Rapporti,59257841,,0.086,0.109,0.098,11/12/21,18/12/21,133.2,11.03,13.8,13.1,0.083,0.104,0.098,0.086,0.109,0.098,14,21,,,
28/11/21,28/12/21,Rapporti,59257842,,0.085,0.108,0.098,12/12/21,19/12/21,138.6,11.3,14,13.7,0.082,0.101,0.099,0.085,0.108,0.098,14,21,,,
29/11/21,28/12/21,Rapporti,59257843,,0.084,0.106,0.099,13/12/21,20/12/21,141.2,11.73,14.4,14.3,0.083,0.102,0.101,0.084,0.106,0.099,14,21,,,
30/11/21,28/12/21,Rapporti,59257844,,0.084,0.105,0.100,14/12/21,21/12/21,145.8,12.09,14.6,14.9,0.083,0.100,0.102,0.084,0.105,0.100,14,21,,,
01/12/21,28/12/21,Rapporti,59257845,,0.083,0.103,0.100,15/12/21,22/12/21,150.3,12.33,14.7,15.2,0.082,0.098,0.101,0.083,0.103,0.100,14,21,,,
02/12/21,28/12/21,Rapporti,59257846,,0.082,0.101,0.100,16/12/21,23/12/21,155.4,12.38,15.5,15.9,0.080,0.100,0.102,0.082,0.101,0.100,14,21,,,
03/12/21,28/12/21,Rapporti,59257847,,0.082,0.100,0.101,17/12/21,24/12/21,161,12.69,15.6,16.3,0.079,0.097,0.101,0.082,0.100,0.101,14,21,,,
04/12/21,28/12/21,Rapporti,59257848,,0.081,0.099,0.101,18/12/21,25/12/21,167.3,12.78,16.1,16.6,0.076,0.096,0.099,0.081,0.099,0.101,14,21,,,
05/12/21,28/12/21,Rapporti,59257849,,0.080,0.098,0.100,19/12/21,26/12/21,170.9,13.04,16.3,16.4,0.076,0.095,0.096,0.080,0.098,0.100,14,21,,,
06/12/21,28/12/21,Rapporti,59257850,,0.079,0.097,0.100,20/12/21,27/12/21,173.4,13.67,16.7,16.5,0.079,0.096,0.095,0.079,0.097,0.100,14,21,,,
07/12/21,28/12/21,Rapporti,59257851,,0.079,0.097,0.099,21/12/21,28/12/21,178.5,14.14,17.1,17.3,0.079,0.096,0.097,0.079,0.097,0.099,14,21,,,
08/12/21,28/12/21,Rapporti,59257852,,0.078,0.096,0.098,22/12/21,,183.3,14.42,17,,0.079,0.093,,0.078,0.096,0.098,14,21,,,
09/12/21,28/12/21,Rapporti,59257853,,0.079,0.096,0.098,23/12/21,,176.1,14.72,17.3,,0.084,0.098,,0.079,0.096,0.098,14,21,,,
10/12/21,28/12/21,Rapporti,59257854,,0.079,0.096,0.097,24/12/21,,182,14.87,17.5,,0.082,0.096,,0.079,0.096,0.097,14,21,,,
11/12/21,28/12/21,Rapporti,59257855,,0.080,0.096,0.096,25/12/21,,189.4,15.01,18.1,,0.079,0.096,,0.080,0.096,0.096,14,21,,,
12/12/21,28/12/21,Rapporti,59257856,,0.080,0.095,0.096,26/12/21,,196.5,15.56,18.4,,0.079,0.094,,0.080,0.095,0.096,14,21,,,
13/12/21,28/12/21,Rapporti,59257857,,0.080,0.095,0.097,27/12/21,,201.9,16.41,19,,0.081,0.094,,0.080,0.095,0.097,14,21,,,
14/12/21,28/12/21,Rapporti,59257858,,0.081,0.095,,28/12/21,,210.3,17.03,19.3,,0.081,0.092,,0.081,0.095,,14,21,,,
15/12/21,28/12/21,Rapporti,59257859,,0.081,0.095,,,,219.2,,,,,,,0.081,0.095,,14,21,,,
16/12/21,28/12/21,Rapporti,59257860,,0.080,0.094,,,,242.1,,,,,,,0.080,0.094,,14,21,,,
17/12/21,28/12/21,Rapporti,59257861,,0.080,0.094,,,,255.9,,,,,,,0.080,0.094,,14,21,,,
18/12/21,28/12/21,Rapporti,59257862,,0.080,0.093,,,,267.7,,,,,,,0.080,0.093,,14,21,,,
19/12/21,28/12/21,Rapporti,59257863,,0.081,0.093,,,,276.2,,,,,,,0.081,0.093,,14,21,,,
20/12/21,28/12/21,Rapporti,59257864,,0.081,0.092,,,,282.1,,,,,,,0.081,0.092,,14,21,,,
21/12/21,28/12/21,Rapporti,59257865,,,,,,,299.1,,,,,,,,,,14,21,,,
22/12/21,28/12/21,Rapporti,59257866,,,,,,,321.2,,,,,,,,,,14,21,,,
23/12/21,28/12/21,Rapporti,59257867,,,,,,,352.4,,,,,,,,,,14,21,,,
24/12/21,28/12/21,Rapporti,59257868,,,,,,,389.4,,,,,,,,,,14,21,,,
25/12/21,28/12/21,Rapporti,59257869,,,,,,,434.5,,,,,,,,,,14,21,,,
26/12/21,28/12/21,Rapporti,59257870,,,,,,,435.6,,,,,,,,,,14,21,,,
27/12/21,28/12/21,Rapporti,59257871,,,,,,,460.2,,,,,,,,,,14,21,,,
28/12/21,28/12/21,Rapporti,59257872,,,,,,,540.4,,,,,,,,,,14,21,,,
